Final_Rank,Symbol,CompanyName,Live_Price,LiveMarketCap,ROC_Pct,EY_Pct,MagicFormula_Score,ROC_Rank,EY_Rank
1,BIPI,BIPI,$16.61,13204308754,9702.44%,30.21%,9.0,5.0,4.0
2,CON,CON,$31.53,4034634923,276.57%,34.46%,45.0,42.0,3.0
3,NOG,NOG,$21.8,2371494557,1229.36%,12.92%,68.0,11.0,57.0
4,BCRX,BCRX,$9.38,1968803019,150.04%,15.99%,105.0,79.0,26.0
5,DFIN,DFIN,$46.31,1156934944,544.96%,11.53%,107.0,25.0,82.0
6,PXED,PXED,$28.37,1022664057,118.35%,23.0%,111.0,101.0,10.0
7,FOR,FOR,$27.91,1423606403,655.49%,11.23%,113.0,21.0,92.0
8,IRWD,IRWD,$3.79,623883270,265.63%,11.8%,119.0,45.0,74.0
9,HRB,HRB,$39.95,5064070270,159.16%,12.92%,125.0,69.0,56.0
10,NVAX,NVAX,$7.82,1286728281,96.12%,70.37%,134.0,133.0,1.0
11,ADT,ADT,$6.82,5354877330,757.99%,10.29%,148.0,19.0,129.0
12,ADBE,ADBE,$212.17,84337575000,405.31%,10.32%,159.0,31.0,128.0
13,RIGL,RIGL,$36.82,681246586,88.45%,21.65%,161.0,149.0,12.0
14,TNET,TNET,$60.35,2772759205,95.68%,15.02%,169.0,136.0,33.0
15,GPI,GPI,$326.68,3886901689,365.59%,9.76%,179.0,34.0,145.0
16,SOLV,SOLV,$77.24,13376014755,106.44%,12.44%,181.0,117.0,64.0
16,OMC,OMC,$77.9,22201982668,815.03%,9.2%,181.0,17.0,164.0
18,BRBR,BRBR,$12.9,1499986200,88.97%,14.16%,184.0,147.0,37.0
19,CRMD,CRMD,$8.05,631537723,74.07%,23.8%,185.0,176.0,9.0
20,MMS,MMS,$57.41,3016344364,93.14%,13.73%,187.0,141.0,46.0
20,DLX,DLX,$25.57,1170698440,155.22%,10.74%,187.0,73.0,114.0
22,MAX,MAX,$13.1,708214820,292.67%,9.58%,194.0,41.0,153.0
23,WEX,WEX,$171.47,5944546652,99.4%,12.15%,199.0,131.0,68.0
24,IT,IT,$133.69,8950799377,242.81%,9.46%,203.0,47.0,156.0
25,CROX,CROX,$132.47,6582387671,116.39%,11.0%,207.0,105.0,102.0
26,CMRF,CMRF,$2.05,894415000,166.52%,9.8%,208.0,65.0,143.0
27,FISV,FISV,$49.97,26646702380,148.08%,10.37%,209.0,82.0,127.0
28,CCSI,CCSI,$34.55,635649173,86.55%,13.16%,210.0,156.0,54.0
29,GTM,GTM,$2.88,848787938,232.68%,9.11%,216.0,48.0,168.0
30,VNT,VNT,$30.27,4262016000,152.94%,9.51%,233.0,78.0,155.0
31,DOX,DOX,$50.85,5469985350,69.54%,13.79%,236.0,192.0,44.0
32,SMPL,SMPL,$10.28,909175608,59.27%,19.61%,238.0,223.0,15.0
32,GIS,GIS,$35.55,18973319364,215.53%,8.66%,238.0,52.0,186.0
34,HURN,HURN,$109.19,1770169609,183.43%,8.69%,242.0,59.0,183.0
35,PTCT,PTCT,$78.45,6507372585,59.44%,16.95%,243.0,222.0,21.0
36,STRA,STRA,$75.0,1704779400,75.9%,11.77%,248.0,173.0,75.0
37,OCTV,OCTV,$15.5,4160785931,303.09%,8.15%,259.0,40.0,219.0
38,DSP,DSP,$10.41,683092957,54.35%,28.98%,264.0,259.0,5.0
38,BSM,BSM,$14.56,3093985440,361.53%,8.03%,264.0,35.0,229.0
40,VSNT,VSNT,$35.56,5031669307,55.23%,21.34%,267.0,254.0,13.0
41,CPAY,CPAY,$364.8,23844028051,858.66%,7.82%,269.0,14.0,255.0
42,HLF,HLF,$11.8,1223299109,59.04%,13.76%,270.0,225.0,45.0
43,CTSH,CTSH,$43.01,20381105690,55.16%,17.61%,275.0,256.0,19.0
44,EEFT,EEFT,$77.29,2942824015,56.1%,15.56%,279.0,248.0,31.0
45,VRRM,VRRM,$3.9,592435947,50.14%,42.17%,286.0,284.0,2.0
46,COLL,COLL,$35.59,1154318195,69.92%,11.08%,289.0,191.0,98.0
47,RHLD,RHLD,$131.67,1087257388,56.87%,13.3%,294.0,242.0,52.0
48,LDOS,LDOS,$110.33,13877910464,60.66%,11.33%,307.0,219.0,88.0
49,AVAH,AVAH,$9.08,1977217243,138.61%,8.05%,316.0,90.0,226.0
50,EOG,EOG,$145.49,77492193210,77.6%,9.61%,322.0,170.0,152.0
51,MRP,MRP,$28.28,4361571120,272.16%,7.55%,325.0,43.0,282.0
52,LNWO,LNWO,$74.91,5892555438,103.56%,8.23%,337.0,124.0,213.0
52,TDC,TDC,$27.68,2604688000,160.16%,7.67%,337.0,67.0,270.0
54,SABR,SABR,$1.69,668078970,103.87%,8.1%,345.0,122.0,223.0
55,BAH,BAH,$65.87,7900052580,67.7%,9.69%,346.0,198.0,148.0
55,MD,MD,$25.58,2100678458,61.12%,10.22%,346.0,216.0,130.0
57,CLX,CLX,$93.8,11342389800,91.31%,8.37%,349.0,145.0,204.0
58,BBWI,BBWI,$19.34,3898205444,45.11%,14.25%,356.0,321.0,35.0
59,ACM,ACM,$67.65,8694580950,61.06%,9.8%,359.0,217.0,142.0
59,MTCH,MTCH,$37.4,8724185800,158.09%,7.48%,359.0,72.0,287.0
61,EFOR,EFOR,$19.64,805240000,44.55%,14.16%,363.0,327.0,36.0
62,OSPN,OSPN,$14.75,546824538,57.4%,10.38%,364.0,238.0,126.0
63,PBH,PBH,$48.94,2318395468,64.22%,9.38%,367.0,209.0,158.0
64,CHDN,CHDN,$83.75,5837115375,3018.03%,6.85%,371.0,7.0,364.0
65,FOX,FOX,$49.18,21565668179,44.62%,13.64%,373.0,326.0,47.0
65,YELP,YELP,$24.5,1347272248,41.07%,17.66%,373.0,356.0,17.0
67,NVR,NVR,$6155.02,16614183936,55.35%,10.54%,374.0,253.0,121.0
68,CPB,CPB,$21.41,6384590460,55.93%,10.05%,384.0,249.0,135.0
68,AOS,AOS,$59.49,8311157235,65.56%,8.76%,384.0,204.0,180.0
70,FTDR,FTDR,$70.49,4950858101,142.31%,7.27%,391.0,87.0,304.0
71,SSNC,SSNC,$66.95,16123838911,159.78%,7.11%,393.0,68.0,325.0
72,PTC,PTC,$113.05,13057953300,305.3%,6.9%,394.0,38.0,356.0
73,NATL,NATL,$47.55,3509090145,77.98%,8.03%,397.0,169.0,228.0
74,NUTX,NUTX,$153.56,914346301,38.03%,25.52%,398.0,391.0,7.0
75,KDP,KDP,$29.67,40367799505,1773.3%,6.58%,406.0,8.0,398.0
76,WKC,WKC,$36.27,1862663985,47.17%,10.73%,410.0,294.0,116.0
77,CVSA,CVSA,$115.13,3917977517,96.05%,7.6%,412.0,134.0,278.0
78,BMY,BMY,$61.51,125607725700,84.09%,7.83%,413.0,162.0,251.0
78,CDW,CDW,$130.18,16630885540,104.61%,7.41%,413.0,121.0,292.0
80,KRP,KRP,$15.17,1496554906,159.12%,6.98%,414.0,70.0,344.0
81,PSIX,PSIX,$31.38,723323121,39.96%,13.2%,425.0,372.0,53.0
82,UPWK,UPWK,$8.72,1077078155,36.93%,16.54%,428.0,404.0,24.0
83,DECK,DECK,$96.23,13364518630,45.79%,10.52%,432.0,310.0,122.0
84,FOXA,FOXA,$55.09,24157231801,40.11%,12.29%,435.0,369.0,66.0
85,ELV,ELV,$379.31,82260690390,81.94%,7.65%,437.0,165.0,272.0
85,HAS,HAS,$87.35,12359238850,110.16%,7.11%,437.0,111.0,326.0
87,KBR,KBR,$36.35,4608814937,69.95%,7.85%,439.0,190.0,249.0
87,IDCC,IDCC,$256.06,6617870700,68.48%,7.86%,439.0,193.0,246.0
89,AUGO,AUGO,$55.1,4616786022,48.71%,9.57%,441.0,287.0,154.0
90,GEHC,GEHC,$61.99,28198741814,58.92%,8.2%,443.0,228.0,215.0
91,HALO,HALO,$80.84,9588674920,111.78%,7.04%,446.0,109.0,337.0
92,BKNG,BKNG,$172.83,133922240094,145.65%,6.85%,448.0,85.0,363.0
93,TTEK,TTEK,$30.57,7933679219,118.98%,6.92%,451.0,98.0,353.0
94,LOPE,LOPE,$139.21,3691055703,53.59%,8.45%,458.0,261.0,197.0
95,SAIC,SAIC,$116.5,4925249414,104.8%,7.03%,459.0,120.0,339.0
96,DEC,DEC,$13.24,957562756,1190.64%,6.17%,461.0,12.0,449.0
97,WLKP,WLKP,$22.01,775761797,32.67%,28.25%,463.0,457.0,6.0
97,TNL,TNL,$73.45,4501169143,63.34%,7.83%,463.0,211.0,252.0
99,OTIS,OTIS,$70.77,27155586699,1502.11%,6.13%,466.0,10.0,456.0
100,CRAI,CRAI,$167.32,1081395518,96.72%,6.98%,475.0,132.0,343.0
101,AU,AU,$78.42,39651043020,38.08%,11.4%,477.0,390.0,87.0
102,MKC-V,MKC-V,$50.03,13445585564,208.1%,6.29%,480.0,53.0,427.0
103,MKC,MKC,$50.19,13493658893,208.1%,6.28%,483.0,53.0,430.0
103,DBD,DBD,$86.98,3011977536,46.04%,8.88%,483.0,307.0,176.0
105,GTX,GTX,$31.52,5900197280,105.57%,6.82%,484.0,118.0,366.0
106,OGN,OGN,$13.56,3560978026,39.36%,10.9%,486.0,381.0,105.0
107,OPCH,OPCH,$21.08,3310139784,58.78%,7.77%,487.0,230.0,257.0
108,BKE,BKE,$41.99,2163245019,36.65%,11.5%,492.0,408.0,84.0
108,BR,BR,$144.4,16701015200,393.45%,6.06%,492.0,32.0,460.0
108,PFE,PFE,$25.01,142542994400,56.25%,7.86%,492.0,247.0,245.0
111,KTB,KTB,$83.37,4608059988,58.7%,7.7%,495.0,231.0,264.0
112,ADMA,ADMA,$8.37,1939940010,40.85%,9.91%,496.0,358.0,138.0
112,BOBS,BOBS,$14.65,1913692670,65.15%,7.42%,496.0,205.0,291.0
112,MGRC,MGRC,$118.96,2921871728,82.23%,7.08%,496.0,164.0,332.0
115,PPC,PPC,$27.92,6642780593,31.4%,17.25%,504.0,484.0,20.0
116,ZTS,ZTS,$74.57,31261831960,42.31%,9.36%,505.0,345.0,160.0
117,CNXC,CNXC,$21.94,1338741502,37.54%,10.79%,507.0,397.0,110.0
118,CCZ,CCZ,$65.99,16422032054,30.85%,17.61%,508.0,490.0,18.0
118,CHTR,CHTR,$126.5,17859063679,34.8%,11.64%,508.0,429.0,79.0
120,ANF,ANF,$90.89,4038398122,31.55%,15.81%,509.0,482.0,27.0
121,ICFI,ICFI,$77.09,1395651236,55.2%,7.73%,515.0,255.0,260.0
122,GLPI,GLPI,$44.42,12580714177,271.24%,5.96%,517.0,44.0,473.0
122,HCA,HCA,$376.5,83522684700,42.2%,9.02%,517.0,346.0,171.0
124,PPG,PPG,$113.75,25354875000,70.91%,7.09%,519.0,189.0,330.0
125,CAPL,CAPL,$21.92,836342936,32.99%,11.84%,521.0,448.0,73.0
126,GMRS,GMRS,$12.65,579330722,30.33%,15.66%,527.0,498.0,29.0
127,HRMY,HRMY,$35.8,2072557801,31.58%,13.57%,529.0,481.0,48.0
128,MFA,MFA,$9.07,925991383,217.82%,5.89%,530.0,49.0,481.0
129,ZD,ZD,$51.81,1908442074,40.09%,9.3%,532.0,370.0,162.0
130,MFAO,MFAO,$25.38,945100592,217.82%,5.88%,534.0,49.0,485.0
131,MFAN,MFAN,$25.33,946583518,217.82%,5.88%,535.0,49.0,486.0
132,BLBD,BLBD,$77.51,2452927113,58.99%,7.22%,536.0,226.0,310.0
133,KVUE,KVUE,$18.9,36288163825,137.68%,6.18%,538.0,91.0,447.0
134,FCN,FCN,$157.45,4746172800,45.37%,8.11%,539.0,317.0,222.0
135,THC,THC,$199.02,17142985740,31.74%,12.54%,541.0,478.0,63.0
136,LAUR,LAUR,$36.6,5123205377,55.79%,7.4%,544.0,251.0,293.0
137,CRCT,CRCT,$4.25,892130131,29.13%,15.29%,550.0,518.0,32.0
138,WHR,WHR,$35.69,2313536439,51.89%,7.65%,551.0,278.0,273.0
139,GILD,GILD,$130.86,162471833712,85.54%,6.63%,552.0,160.0,392.0
140,PEGA,PEGA,$26.01,4276174050,75.97%,6.7%,555.0,172.0,383.0
141,NRP,NRP,$97.35,1289926440,32.96%,10.78%,560.0,449.0,111.0
142,AVY,AVY,$155.2,11871310080,56.77%,7.17%,562.0,244.0,318.0
143,MDXG,MDXG,$4.13,615145869,29.32%,13.55%,565.0,516.0,49.0
144,DPZ,DPZ,$323.25,10693670839,106.46%,6.16%,566.0,116.0,450.0
144,ADEA,ADEA,$26.91,2968011540,87.67%,6.4%,566.0,151.0,415.0
146,CMCSA,CMCSA,$21.92,78303248369,30.85%,11.53%,571.0,490.0,81.0
147,EPAC,EPAC,$34.34,1769992423,47.67%,7.55%,574.0,291.0,283.0
148,PAYC,PAYC,$138.65,7567361573,45.48%,7.72%,578.0,315.0,263.0
148,INTU,INTU,$281.53,77008871610,93.97%,6.22%,578.0,139.0,439.0
148,PRDO,PRDO,$30.84,1933763604,28.16%,14.05%,578.0,539.0,39.0
148,EPAM,EPAM,$86.14,4500337009,27.81%,15.57%,578.0,548.0,30.0
152,ESAB,ESAB,$83.67,5093973010,45.02%,7.76%,580.0,322.0,258.0
153,EVER,EVER,$24.5,866645311,37.13%,8.6%,592.0,403.0,189.0
153,ENR,ENR,$20.65,1413977465,33.13%,9.71%,592.0,445.0,147.0
155,PAYO,PAYO,$7.12,2407941280,102.28%,6.04%,593.0,128.0,465.0
156,TGLS,TGLS,$43.74,1940517052,29.66%,11.49%,595.0,510.0,85.0
157,ALSN,ALSN,$119.64,9922460767,36.93%,8.57%,596.0,405.0,191.0
158,CASS,CASS,$53.97,694655912,28.28%,12.63%,598.0,536.0,62.0
159,OC,OC,$138.95,11189409925,32.08%,10.12%,603.0,469.0,134.0
160,CHH,CHH,$108.0,4913514000,68.07%,6.47%,606.0,196.0,410.0
161,ADP,ADP,$242.88,97087462412,180.19%,5.51%,608.0,60.0,548.0
162,ADUS,ADUS,$111.92,2088961730,73.45%,6.26%,611.0,180.0,431.0
163,PG,PG,$146.86,341978196000,154.57%,5.56%,614.0,75.0,539.0
164,EXEL,EXEL,$55.65,13987910369,58.98%,6.66%,615.0,227.0,388.0
164,PAYX,PAYX,$110.66,39350696000,103.5%,5.87%,615.0,125.0,490.0
164,QCOM,QCOM,$171.11,180349940000,58.0%,6.71%,615.0,233.0,382.0
167,EXLS,EXLS,$26.88,4106807040,43.88%,7.5%,618.0,332.0,286.0
167,MUEL,MUEL,$474.0,612408000,42.36%,7.64%,618.0,344.0,274.0
167,GNTX,GNTX,$23.8,5068253982,31.7%,9.87%,618.0,479.0,139.0
170,FIZZ,FIZZ,$30.53,2857977474,33.03%,8.96%,619.0,446.0,173.0
171,ABG,ABG,$222.14,4135980232,31.99%,9.61%,621.0,470.0,151.0
172,UHS,UHS,$151.27,9470460447,26.41%,13.44%,624.0,573.0,51.0
173,JKHY,JKHY,$148.23,10531860084,155.11%,5.45%,630.0,74.0,556.0
174,KFY,KFY,$77.84,3958708880,28.51%,10.97%,635.0,532.0,103.0
174,ZBRA,ZBRA,$256.95,12239402130,172.79%,5.36%,635.0,61.0,574.0
176,AN,AN,$205.1,6862953650,37.93%,7.86%,640.0,392.0,248.0
177,YEXT,YEXT,$4.92,590788965,43.67%,7.24%,642.0,335.0,307.0
178,STZ,STZ,$129.27,22079879359,32.77%,8.63%,643.0,455.0,188.0
179,CELH,CELH,$27.17,6945748581,57.11%,6.49%,647.0,239.0,408.0
179,MAS,MAS,$77.34,15602107560,47.2%,6.92%,647.0,293.0,354.0
181,CSV,CSV,$37.77,599496771,32.93%,8.44%,648.0,450.0,198.0
182,MRK,MRK,$130.46,322212717200,55.9%,6.56%,653.0,250.0,403.0
182,CPRX,CPRX,$31.49,3854925752,34.38%,8.19%,653.0,436.0,217.0
182,CBT,CBT,$89.11,4599984469,27.08%,11.18%,653.0,558.0,95.0
182,HON,HON,$246.27,78024875946,54.54%,6.59%,653.0,258.0,395.0
186,NWS,NWS,$29.75,16285076190,32.73%,8.41%,657.0,456.0,201.0
187,VITL,VITL,$12.75,546318375,23.14%,18.17%,661.0,645.0,16.0
188,IDT,IDT,$62.71,1559543769,37.46%,7.68%,667.0,399.0,268.0
189,KD,KD,$11.66,2571230645,24.51%,12.95%,670.0,615.0,55.0
190,CCK,CCK,$114.49,12793914030,29.73%,9.04%,676.0,507.0,169.0
191,BBY,BBY,$84.43,17795057810,30.81%,8.67%,677.0,492.0,185.0
191,SPSC,SPSC,$58.98,2165315164,72.85%,5.85%,677.0,184.0,493.0
191,IBM,IBM,$206.65,194227235250,200.51%,5.06%,677.0,57.0,620.0
194,GPOR,GPOR,$158.0,2839203278,23.17%,14.0%,685.0,644.0,41.0
194,CL,CL,$90.08,72081052955,93.85%,5.52%,685.0,140.0,545.0
196,DIS,DIS,$92.83,161200223300,44.11%,6.88%,687.0,330.0,357.0
197,FLO,FLO,$7.75,1642945750,31.76%,8.23%,689.0,477.0,212.0
197,BYD,BYD,$86.64,6439968528,28.57%,9.38%,689.0,530.0,159.0
199,ITRI,ITRI,$83.93,3721401394,33.0%,7.87%,690.0,447.0,243.0
200,CF,CF,$126.71,19466330590,25.64%,11.04%,692.0,591.0,101.0
200,FBIN,FBIN,$49.8,5940812167,36.37%,7.56%,692.0,412.0,280.0
200,HAYW,HAYW,$14.41,3126436830,29.92%,8.65%,692.0,505.0,187.0
203,WWW,WWW,$18.45,1512706275,38.63%,7.26%,693.0,387.0,306.0
203,APA,APA,$36.42,12873377400,22.36%,16.02%,693.0,668.0,25.0
205,INVA,INVA,$21.2,1564745479,23.72%,12.76%,694.0,635.0,59.0
205,REZI,REZI,$34.05,5156064153,31.27%,8.3%,694.0,486.0,208.0
207,LRN,LRN,$86.07,3660109536,25.28%,11.17%,697.0,601.0,96.0
208,TKO,TKO,$179.43,13451449566,68.25%,5.76%,698.0,194.0,504.0
209,CXT,CXT,$52.05,2995080202,44.84%,6.76%,700.0,324.0,376.0
210,NXST,NXST,$181.16,5532438899,39.5%,7.13%,701.0,378.0,323.0
211,ABM,ABM,$47.34,2773219806,35.92%,7.45%,703.0,414.0,289.0
212,VC,VC,$100.11,2672338442,22.87%,13.52%,705.0,655.0,50.0
213,AWI,AWI,$158.05,6745389872,57.09%,6.01%,707.0,240.0,467.0
214,HESM,HESM,$40.48,8364551687,30.17%,8.31%,709.0,502.0,207.0
215,ROCK,ROCK,$44.38,1316395122,27.36%,9.41%,711.0,554.0,157.0
216,PHM,PHM,$124.67,23747932132,23.11%,12.42%,713.0,648.0,65.0
216,INGR,INGR,$100.25,6321670865,21.99%,14.65%,713.0,679.0,34.0
216,NGVT,NGVT,$73.76,2564760592,39.8%,7.02%,713.0,373.0,340.0
216,VLTO,VLTO,$91.5,22472332290,76.47%,5.52%,713.0,171.0,542.0
220,SLB,SLB,$47.22,70596733200,40.22%,6.93%,715.0,366.0,349.0
221,WFRD,WFRD,$85.6,6140430400,24.49%,11.04%,716.0,616.0,100.0
222,OPLN,OPLN,$39.0,4131898134,56.58%,5.96%,719.0,245.0,474.0
222,NEM,NEM,$94.72,101118597806,25.46%,10.5%,719.0,596.0,123.0
224,CNM,CNM,$43.12,8071754873,38.46%,7.08%,721.0,388.0,333.0
225,WAY,WAY,$21.58,4139322188,171.77%,4.79%,723.0,62.0,661.0
226,RMD,RMD,$191.89,27834869526,52.59%,6.13%,725.0,270.0,455.0
227,NFLX,NFLX,$68.89,286853826531,329.57%,4.56%,729.0,36.0,693.0
228,VVX,VVX,$83.98,2629454446,64.52%,5.66%,731.0,208.0,523.0
229,TRMB,TRMB,$50.35,11737164982,195.15%,4.72%,732.0,58.0,674.0
230,RRR,RRR,$62.78,3686074337,20.36%,16.59%,734.0,711.0,23.0
231,PARR,PARR,$77.61,3891697338,23.86%,10.87%,739.0,633.0,106.0
231,DDS,DDS,$560.97,8760101349,28.31%,8.35%,739.0,534.0,205.0
231,CSL,CSL,$331.55,13416203905,42.58%,6.59%,739.0,342.0,397.0
234,MAT,MAT,$14.24,4138144000,24.01%,10.76%,740.0,628.0,112.0
235,CACI,CACI,$480.61,10617302096,67.76%,5.52%,741.0,197.0,544.0
236,JBI,JBI,$5.26,717424334,25.38%,9.79%,742.0,598.0,144.0
237,ULTA,ULTA,$477.96,20546956139,37.17%,6.97%,748.0,402.0,346.0
238,LEN,LEN,$82.13,20392490607,21.9%,12.01%,751.0,681.0,70.0
239,SMP,SMP,$38.09,848008297,21.63%,12.19%,752.0,685.0,67.0
240,POOL,POOL,$183.33,6681095740,34.45%,7.15%,753.0,432.0,321.0
241,URI,URI,$1139.71,70938399675,171.44%,4.57%,754.0,63.0,691.0
242,DUNIY,DUNIY,$27.72,651523403,18.87%,24.64%,755.0,747.0,8.0
242,VRSK,VRSK,$193.17,25309488833,115.42%,4.86%,755.0,106.0,649.0
244,LOW,LOW,$201.92,113217957440,42.03%,6.49%,758.0,349.0,409.0
245,CRUS,CRUS,$133.53,6736951435,30.62%,7.69%,759.0,493.0,266.0
246,BF-B,BF-B,$25.7,11984993461,28.62%,8.02%,760.0,528.0,232.0
246,MLI,MLI,$63.13,13960631330,34.48%,7.1%,760.0,431.0,329.0
248,ITW,ITW,$276.91,79667007000,117.18%,4.8%,761.0,103.0,658.0
248,WINA,WINA,$335.67,1205783368,478.45%,4.33%,761.0,27.0,734.0
250,ACIW,ACIW,$54.53,5543605412,73.38%,5.31%,765.0,181.0,584.0
250,KMB,KMB,$107.31,35620481400,50.18%,5.89%,765.0,283.0,482.0
252,PEP,PEP,$134.95,184341700000,46.79%,6.0%,766.0,298.0,468.0
253,NTAP,NTAP,$164.64,32256268800,65.83%,5.4%,767.0,203.0,564.0
254,FUL,FUL,$55.12,2964762094,27.43%,8.19%,768.0,552.0,216.0
254,CHE,CHE,$503.01,6677007053,96.01%,5.01%,768.0,135.0,633.0
256,REYN,REYN,$25.21,5313445574,33.7%,7.1%,769.0,441.0,328.0
257,QLYS,QLYS,$133.74,4709922516,85.55%,5.09%,773.0,159.0,614.0
258,AAT,AAT,$24.24,1488115416,112.3%,4.76%,774.0,108.0,666.0
259,AMTM,AMTM,$22.01,5372428471,57.62%,5.53%,776.0,236.0,540.0
260,CARG,CARG,$32.96,3183362727,45.12%,6.11%,779.0,320.0,459.0
261,EME,EME,$769.07,34248661303,94.71%,4.92%,780.0,137.0,643.0
262,GRBK,GRBK,$70.96,3061537410,19.79%,12.77%,783.0,725.0,58.0
262,PM,PM,$191.12,297871987200,203.64%,4.37%,783.0,56.0,727.0
264,NEU,NEU,$770.0,7082474630,35.65%,6.81%,786.0,419.0,367.0
265,BSQKZ,BSQKZ,$81.99,43880638050,27.02%,8.02%,792.0,559.0,233.0
266,SWK,SWK,$87.41,13588370849,44.95%,5.97%,795.0,323.0,472.0
267,UTHR,UTHR,$529.53,22476801051,31.14%,7.24%,796.0,488.0,308.0
267,AXTA,AXTA,$31.68,6780119702,26.74%,8.03%,796.0,566.0,230.0
269,DORM,DORM,$132.35,3954988580,27.3%,7.88%,797.0,556.0,241.0
270,SBH,SBH,$14.49,1382469165,19.79%,11.72%,801.0,724.0,77.0
271,AYI,AYI,$326.97,9788025803,47.63%,5.72%,802.0,292.0,510.0
272,DFH,DFH,$14.63,1356558352,17.82%,15.74%,803.0,775.0,28.0
272,LMT,LMT,$568.59,131096384760,65.09%,5.2%,803.0,206.0,597.0
274,ALH,ALH,$25.17,4309433903,66.46%,5.16%,804.0,200.0,604.0
275,LEGH,LEGH,$26.1,620699786,26.95%,7.87%,806.0,562.0,244.0
276,BBSI,BBSI,$39.79,977228434,29.71%,7.36%,807.0,509.0,298.0
277,OSK,OSK,$151.97,9475528429,23.39%,8.97%,811.0,639.0,172.0
277,TMHC,TMHC,$72.45,6665396812,17.98%,13.88%,811.0,769.0,42.0
279,LKQ,LKQ,$24.82,6323908525,22.21%,9.82%,812.0,672.0,140.0
280,GRND,GRND,$14.7,2612572200,153.41%,4.32%,813.0,77.0,736.0
280,DVA,DVA,$234.27,15036619950,32.82%,6.86%,813.0,453.0,360.0
282,COKE,COKE,$178.44,14016711638,47.08%,5.68%,814.0,295.0,519.0
283,SFM,SFM,$73.49,6911315680,25.82%,8.04%,815.0,588.0,227.0
283,IPAR,IPAR,$119.75,3835087275,30.32%,7.18%,815.0,499.0,316.0
285,SCI,SCI,$79.34,10946618981,40.28%,6.15%,817.0,365.0,452.0
285,ATMU,ATMU,$53.08,4335172266,40.04%,6.19%,817.0,371.0,446.0
287,NABL,NABL,$3.89,732790420,56.95%,5.34%,818.0,241.0,577.0
288,NSIT,NSIT,$115.66,3493385040,25.97%,7.96%,819.0,582.0,237.0
288,EFX,EFX,$166.72,19587081861,108.52%,4.47%,819.0,114.0,705.0
290,YUM,YUM,$147.37,40618296539,75.7%,4.88%,820.0,174.0,646.0
291,CAH,CAH,$225.98,52925871880,681.14%,3.9%,821.0,20.0,801.0
291,GIC,GIC,$34.53,1321155748,29.73%,7.19%,821.0,508.0,313.0
293,GOOD,GOOD,$12.78,618641371,204.52%,4.09%,822.0,55.0,767.0
294,DX,DX,$12.6,1909232791,71.93%,4.96%,827.0,187.0,640.0
294,CARS,CARS,$11.42,638412568,45.15%,5.73%,827.0,319.0,508.0
296,CHD,CHD,$96.2,22793973262,116.86%,4.38%,828.0,104.0,724.0
297,MZTI,MZTI,$106.55,2921854696,26.1%,7.82%,829.0,576.0,253.0
297,EPR,EPR,$61.98,4741945139,73.81%,4.84%,829.0,177.0,652.0
299,QSR,QSR,$72.38,25113442363,53.25%,5.39%,831.0,266.0,565.0
299,HD,HD,$324.71,323773767229,53.3%,5.39%,831.0,265.0,566.0
301,MIDD,MIDD,$131.14,5929429530,27.96%,7.47%,832.0,544.0,288.0
301,DMLP,DMLP,$27.44,1324129548,103.2%,4.47%,832.0,126.0,706.0
303,MCEM,MCEM,$271.0,707819480,19.89%,10.73%,836.0,721.0,115.0
304,ASO,ASO,$47.06,2918584539,18.69%,11.43%,837.0,751.0,86.0
304,PGY,PGY,$16.26,1347523175,16.17%,22.12%,837.0,826.0,11.0
306,AZO,AZO,$2923.5,47727303977,39.76%,6.04%,838.0,374.0,464.0
307,CBZ,CBZ,$40.25,2159360175,40.42%,5.95%,839.0,364.0,475.0
308,J,J,$132.0,15586676028,60.19%,5.06%,840.0,221.0,619.0
309,SFD,SFD,$26.1,10269756564,18.36%,11.61%,841.0,761.0,80.0
310,PLUS,PLUS,$86.83,2270741952,22.46%,8.86%,842.0,664.0,178.0
311,CVS,CVS,$106.89,136384157700,73.77%,4.74%,848.0,178.0,670.0
312,SMG,SMG,$67.53,3929023707,43.09%,5.72%,851.0,338.0,513.0
313,KOP,KOP,$49.96,960822027,18.35%,11.27%,853.0,762.0,91.0
313,PRIM,PRIM,$90.63,4917121587,27.5%,7.32%,853.0,551.0,302.0
315,SHW,SHW,$310.54,76590343440,118.0%,4.18%,854.0,102.0,752.0
315,INCY,INCY,$116.69,23312579667,31.47%,6.78%,854.0,483.0,371.0
317,CNMD,CNMD,$41.27,1242606684,29.95%,6.93%,855.0,504.0,351.0
318,MPT,MPT,$4.8,2870880000,88.58%,4.44%,861.0,148.0,713.0
319,MSA,MSA,$174.06,6719429646,43.69%,5.6%,865.0,334.0,531.0
319,EBAY,EBAY,$109.32,48538080000,102.8%,4.3%,865.0,127.0,738.0
321,PCTY,PCTY,$120.6,6457413395,61.18%,4.84%,866.0,215.0,651.0
321,YOU,YOU,$51.85,5216756466,113.64%,4.13%,866.0,107.0,759.0
323,SNA,SNA,$395.41,20482989279,32.22%,6.58%,867.0,468.0,399.0
324,BSX,BSX,$43.58,64775358701,50.55%,5.28%,868.0,281.0,587.0
325,JBSS,JBSS,$80.36,939374167,23.06%,8.14%,870.0,649.0,221.0
326,ROL,ROL,$39.44,18988940160,306.6%,3.66%,875.0,37.0,838.0
326,BVS,BVS,$11.48,777747591,41.97%,5.64%,875.0,350.0,525.0
328,WSM,WSM,$218.6,25739409165,45.31%,5.41%,880.0,318.0,562.0
329,DGX,DGX,$227.9,25227618400,54.16%,5.05%,881.0,260.0,621.0
330,AMGN,AMGN,$371.5,200501522000,88.36%,4.34%,882.0,150.0,732.0
330,PSA,PSA,$315.01,55309347437,5410.05%,3.46%,882.0,6.0,876.0
332,VZ,VZ,$43.82,182973039200,22.95%,8.03%,883.0,652.0,231.0
333,AMPH,AMPH,$18.87,832033382,16.88%,11.65%,886.0,808.0,78.0
333,EHC,EHC,$111.06,11017049825,24.02%,7.75%,886.0,627.0,259.0
335,IBP,IBP,$222.88,6004543216,39.41%,5.74%,887.0,380.0,507.0
336,TTD,TTD,$16.79,7893118659,21.56%,8.39%,889.0,687.0,202.0
337,CQP,CQP,$65.93,31913680220,23.96%,7.73%,890.0,629.0,261.0
337,URBN,URBN,$69.61,5961059311,19.63%,9.33%,890.0,729.0,161.0
339,MSI,MSI,$407.02,67563691920,149.14%,3.85%,891.0,80.0,811.0
339,BFAM,BFAM,$74.32,3909729944,39.63%,5.71%,891.0,375.0,516.0
341,TILE,TILE,$32.65,1895534669,23.25%,7.85%,892.0,642.0,250.0
342,OGCP,OGCP,$5.2,903750068,86.61%,4.27%,894.0,152.0,742.0
343,NHC,NHC,$221.51,3459897596,73.74%,4.43%,896.0,179.0,717.0
343,GCT,GCT,$35.78,1335488393,17.86%,10.45%,896.0,772.0,124.0
345,ESBA,ESBA,$5.3,933749135,86.61%,4.23%,897.0,152.0,745.0
345,GTY,GTY,$34.71,2098809570,137.53%,3.88%,897.0,92.0,805.0
347,ESRT,ESRT,$5.46,936171600,86.61%,4.23%,898.0,152.0,746.0
348,EMR,EMR,$144.87,81141687000,153.97%,3.78%,899.0,76.0,823.0
349,VLGEA,VLGEA,$42.2,624942670,20.79%,8.43%,900.0,701.0,199.0
349,FISK,FISK,$5.42,947316500,86.61%,4.21%,900.0,152.0,748.0
351,MTN,MTN,$144.06,5133365756,28.01%,6.88%,901.0,543.0,358.0
352,LEA,LEA,$142.43,7135045093,18.16%,10.03%,902.0,766.0,136.0
353,TOL,TOL,$146.54,13697240340,16.84%,11.21%,905.0,811.0,94.0
354,BMI,BMI,$123.2,3595662224,42.07%,5.44%,906.0,348.0,558.0
355,SUNB,SUNB,$77.47,31744153682,45.72%,5.21%,907.0,311.0,596.0
356,BKR,BKR,$56.09,55645150210,32.64%,6.15%,909.0,458.0,451.0
357,ESPR,ESPR,$3.18,661149726,36.52%,5.79%,910.0,410.0,500.0
358,UBER,UBER,$68.91,140273127986,118.81%,3.85%,911.0,99.0,812.0
359,KRT,KRT,$38.73,773195302,47.97%,5.05%,912.0,290.0,622.0
360,INGM,INGM,$29.57,6849787892,17.05%,10.84%,914.0,805.0,109.0
361,REPX,REPX,$36.03,781704970,14.71%,13.87%,915.0,872.0,43.0
362,MDLZ,MDLZ,$60.05,77083168448,145.67%,3.72%,916.0,84.0,832.0
362,LVS,LVS,$46.03,30501196070,25.15%,7.22%,916.0,604.0,312.0
364,JNJ,JNJ,$259.27,624119929400,103.77%,3.93%,917.0,123.0,794.0
365,POST,POST,$90.16,4086284354,24.27%,7.34%,919.0,618.0,301.0
365,CRC,CRC,$54.25,4817123325,14.5%,14.1%,919.0,881.0,38.0
367,DOCS,DOCS,$20.45,3824665851,26.39%,6.96%,921.0,574.0,347.0
367,LII,LII,$537.89,18718572000,51.94%,4.89%,921.0,277.0,644.0
369,BRC,BRC,$93.68,4413526729,41.12%,5.38%,922.0,355.0,567.0
369,NHI,NHI,$79.95,3875264445,105.19%,3.88%,922.0,119.0,803.0
371,BWA,BWA,$64.33,13195047950,18.92%,8.78%,925.0,746.0,179.0
372,MTD,MTD,$1331.87,26913896212,110.72%,3.83%,926.0,110.0,816.0
372,SNX,SNX,$247.96,19826584048,29.47%,6.46%,926.0,515.0,411.0
374,SYY,SYY,$81.73,39081896590,33.32%,5.88%,930.0,443.0,487.0
375,HSIC,HSIC,$84.53,9629404010,35.13%,5.76%,932.0,427.0,505.0
375,DAL,DAL,$81.97,53905357310,19.88%,8.24%,932.0,722.0,210.0
377,TDG,TDG,$1213.83,67893881688,64.99%,4.38%,933.0,207.0,726.0
378,BRX,BRX,$31.97,9809566645,469.55%,3.29%,936.0,28.0,908.0
379,LECO,LECO,$250.38,13717596602,48.13%,4.86%,937.0,289.0,648.0
379,DVN,DVN,$45.29,28144615017,16.1%,10.86%,937.0,830.0,107.0
381,ELS,ELS,$66.03,12805696625,1074.26%,3.21%,938.0,13.0,925.0
381,BCO,BCO,$121.09,4986607290,22.21%,7.7%,938.0,673.0,265.0
383,CPRT,CPRT,$27.2,25182072310,19.61%,8.28%,939.0,730.0,209.0
383,OI,OI,$8.94,1370502000,15.27%,11.28%,939.0,850.0,89.0
385,SAM,SAM,$174.51,1872015015,18.73%,8.59%,940.0,750.0,190.0
386,MOH,MOH,$200.29,10455137199,14.54%,12.7%,941.0,880.0,61.0
387,HUBB,HUBB,$488.38,25806878284,63.19%,4.36%,942.0,213.0,729.0
387,ARLP,ARLP,$24.77,3186878501,16.18%,10.72%,942.0,825.0,117.0
389,OLED,OLED,$79.42,3712956478,20.66%,7.95%,944.0,706.0,238.0
389,SLGN,SLGN,$45.46,4804201799,20.74%,7.89%,944.0,704.0,240.0
391,OLP,OLP,$24.87,542648478,801.64%,3.19%,946.0,18.0,928.0
392,LMB,LMB,$74.15,883947118,40.19%,5.33%,947.0,367.0,580.0
393,ACEL,ACEL,$11.97,974273013,19.07%,8.31%,948.0,742.0,206.0
394,MTX,MTX,$73.21,2270146927,17.19%,9.62%,951.0,801.0,150.0
395,PLAB,PLAB,$30.94,1824336878,13.2%,16.78%,952.0,930.0,22.0
396,PVH,PVH,$77.8,3587209558,17.44%,9.14%,955.0,789.0,166.0
397,XYZ,XYZ,$76.49,45525394308,23.41%,7.16%,957.0,638.0,319.0
398,WMS,WMS,$140.46,10756959284,35.42%,5.57%,958.0,422.0,536.0
398,YETI,YETI,$50.11,3796248413,35.62%,5.57%,958.0,420.0,538.0
400,FDXF,FDXF,$154.79,19585463381,27.92%,6.4%,960.0,546.0,414.0
401,PLNT,PLNT,$54.23,4308181526,32.3%,5.84%,961.0,466.0,495.0
402,JOE,JOE,$62.13,3566867519,92.15%,3.82%,962.0,142.0,820.0
403,SENEA,SENEA,$164.13,1122156810,15.11%,10.95%,966.0,862.0,104.0
404,FSLR,FSLR,$205.92,22126721760,17.81%,8.52%,971.0,776.0,195.0
405,HMH,HMH,$21.28,951189742,17.18%,9.04%,972.0,802.0,170.0
405,AME,AME,$241.14,55270011420,148.27%,3.39%,972.0,81.0,891.0
407,IIIN,IIIN,$32.33,625852158,16.77%,9.21%,975.0,812.0,163.0
408,WHD,WHD,$55.39,3845086838,21.73%,7.39%,977.0,683.0,294.0
409,TMUS,TMUS,$170.42,184428524000,28.08%,6.23%,979.0,542.0,437.0
409,MCRI,MCRI,$119.17,2115209822,25.51%,6.68%,979.0,595.0,384.0
411,VICI,VICI,$26.32,28136869600,18.63%,8.07%,981.0,756.0,225.0
411,SON,SON,$56.32,5568284564,22.1%,7.28%,981.0,678.0,303.0
413,MGY,MGY,$25.76,4764260480,16.86%,8.93%,983.0,809.0,174.0
414,RAL,RAL,$70.33,7872258299,845.42%,2.97%,985.0,15.0,970.0
414,SAH,SAH,$99.11,3362306651,22.51%,7.14%,985.0,663.0,322.0
416,ENTG,ENTG,$135.3,20606190000,80.21%,3.83%,986.0,168.0,818.0
417,SOLS,SOLS,$60.88,9670314354,26.81%,6.33%,987.0,564.0,423.0
418,OII,OII,$48.02,4789766857,25.33%,6.64%,990.0,600.0,390.0
418,NDSN,NDSN,$292.1,16275227800,67.13%,3.95%,990.0,199.0,791.0
420,DOV,DOV,$197.8,26635945800,44.19%,4.78%,991.0,329.0,662.0
421,MANH,MANH,$147.43,8722637273,140.67%,3.32%,992.0,88.0,904.0
421,HQY,HQY,$94.33,7886191470,81.65%,3.76%,992.0,166.0,826.0
423,VVV,VVV,$38.31,4885904160,28.61%,6.0%,998.0,529.0,469.0
424,DCI,DCI,$91.14,10564133917,39.55%,5.04%,1000.0,377.0,623.0
425,SLVM,SLVM,$37.5,1490105100,13.69%,11.28%,1001.0,911.0,90.0
425,GAP,GAP,$18.88,6796403520,13.23%,11.85%,1001.0,929.0,72.0
427,KFRC,KFRC,$56.69,1010896080,45.53%,4.59%,1002.0,314.0,688.0
428,ORLY,ORLY,$86.11,71360655453,52.3%,4.34%,1004.0,273.0,731.0
429,RSVR,RSVR,$10.5,691050150,107.55%,3.39%,1005.0,115.0,890.0
430,CTRE,CTRE,$42.35,10004773952,303.87%,2.99%,1007.0,39.0,968.0
431,MSFT,MSFT,$381.58,2834540319400,45.95%,4.51%,1008.0,308.0,700.0
431,OLLI,OLLI,$65.24,3943972770,20.06%,7.45%,1008.0,718.0,290.0
433,SENEM,SENEM,$178.0,1278654634,15.09%,9.71%,1009.0,863.0,146.0
433,EXR,EXR,$145.42,30721565313,124.94%,3.27%,1009.0,96.0,913.0
433,MWA,MWA,$24.88,3892998480,24.26%,6.66%,1009.0,622.0,387.0
436,ALGN,ALGN,$168.24,12049033686,31.82%,5.57%,1010.0,473.0,537.0
437,EPRT,EPRT,$32.1,6941495156,66.37%,3.85%,1011.0,201.0,810.0
438,BDC,BDC,$103.03,4012400320,24.92%,6.51%,1012.0,606.0,406.0
439,SKY,SKY,$79.91,4386601755,24.76%,6.53%,1015.0,610.0,405.0
440,KIM,KIM,$25.75,17365542500,377.15%,2.92%,1017.0,33.0,984.0
441,LCII,LCII,$104.6,2540231920,17.75%,7.88%,1020.0,778.0,242.0
442,NYT,NYT,$70.17,11357930640,52.58%,4.19%,1022.0,271.0,751.0
443,FLS,FLS,$71.66,9158649620,27.0%,6.04%,1023.0,560.0,463.0
443,PSN,PSN,$58.46,6253964338,29.25%,5.75%,1023.0,517.0,506.0
445,XPEL,XPEL,$42.44,1169688203,31.79%,5.49%,1026.0,475.0,551.0
446,RL,RL,$371.69,22673020122,37.92%,5.0%,1027.0,393.0,634.0
447,COTY,COTY,$2.6,2289211600,61.84%,3.84%,1028.0,214.0,814.0
447,LNN,LNN,$113.43,1153458327,16.03%,8.48%,1028.0,832.0,196.0
447,DELL,DELL,$439.0,291606163977,837.07%,2.71%,1028.0,16.0,1012.0
450,FERG,FERG,$228.67,44347761299,33.73%,5.25%,1029.0,439.0,590.0
451,IOSP,IOSP,$84.09,2071224742,15.9%,8.53%,1030.0,837.0,193.0
452,UFPT,UFPT,$236.21,1827542361,41.2%,4.71%,1031.0,354.0,677.0
452,HST,HST,$23.96,16409700840,57.75%,3.9%,1031.0,234.0,797.0
454,FR,FR,$66.33,8793396224,563.63%,2.73%,1032.0,23.0,1009.0
454,AAPL,AAPL,$321.66,4724334930960,413.71%,2.78%,1032.0,30.0,1002.0
456,IDXX,IDXX,$539.36,42546729295,128.06%,3.13%,1033.0,93.0,940.0
456,CLB,CLB,$11.8,543940848,19.24%,7.37%,1033.0,736.0,297.0
458,APOG,APOG,$40.27,840366441,17.73%,7.77%,1036.0,780.0,256.0
459,CART,CART,$42.53,9995817989,32.55%,5.33%,1037.0,459.0,578.0
459,CCS,CCS,$69.27,1992849827,12.69%,11.51%,1037.0,954.0,83.0
461,KO,KO,$81.17,349232301600,71.03%,3.61%,1038.0,188.0,850.0
461,INVH,INVH,$29.44,17488596480,250.08%,2.88%,1038.0,46.0,992.0
461,ETD,ETD,$22.5,572542628,13.01%,11.05%,1038.0,939.0,99.0
464,DHI,DHI,$142.12,40302389600,13.71%,10.21%,1039.0,908.0,131.0
464,TPB,TPB,$73.1,1415764250,24.26%,6.35%,1039.0,619.0,420.0
466,LEG,LEG,$10.6,1447546600,13.92%,9.82%,1040.0,899.0,141.0
467,EXP,EXP,$207.11,6398767005,20.14%,7.1%,1042.0,715.0,327.0
467,FSS,FSS,$117.8,7186070940,40.82%,4.62%,1042.0,359.0,683.0
469,GIII,GIII,$34.48,1454730957,12.43%,11.75%,1043.0,967.0,76.0
469,META,META,$606.1,1538538340310,31.58%,5.4%,1043.0,480.0,563.0
471,PSTL,PSTL,$23.77,893386180,554.73%,2.65%,1044.0,24.0,1020.0
471,LAD,LAD,$334.02,7617599996,23.43%,6.5%,1044.0,637.0,407.0
473,GPK,GPK,$10.99,3251798130,13.68%,10.15%,1045.0,912.0,133.0
474,APP,APP,$398.86,133992841734,127.95%,3.07%,1046.0,94.0,952.0
474,FELE,FELE,$105.58,4664756676,29.1%,5.61%,1046.0,519.0,527.0
474,GTLS,GTLS,$209.9,10047719052,38.31%,4.82%,1046.0,389.0,657.0
477,WING,WING,$134.86,3672582098,52.68%,4.04%,1048.0,268.0,780.0
477,TBB,TBB,$19.85,157330874385,16.76%,7.99%,1048.0,813.0,235.0
479,T,T,$22.96,157330874400,16.76%,7.99%,1049.0,813.0,236.0
479,SBAC,SBAC,$174.85,18545118522,50.13%,4.1%,1049.0,285.0,764.0
481,WAB,WAB,$297.99,50562049230,86.53%,3.38%,1051.0,157.0,894.0
482,DAKT,DAKT,$19.81,956522760,19.1%,7.22%,1052.0,741.0,311.0
482,NXT,NXT,$104.49,15846249137,39.59%,4.71%,1052.0,376.0,676.0
484,TYL,TYL,$288.16,12150986800,125.77%,3.05%,1053.0,95.0,958.0
484,PATK,PATK,$85.45,2811125555,24.38%,6.23%,1053.0,617.0,436.0
486,ZBH,ZBH,$89.65,17343868300,28.72%,5.61%,1054.0,526.0,528.0
487,SCCO,SCCO,$182.22,152031430380,40.75%,4.53%,1055.0,360.0,695.0
487,GGG,GGG,$77.75,12591909816,34.2%,5.08%,1055.0,438.0,617.0
489,FFIV,FFIV,$388.08,21895181376,63.22%,3.64%,1056.0,212.0,844.0
490,EXPD,EXPD,$176.18,23042781812,39.05%,4.72%,1057.0,384.0,673.0
491,CSCO,CSCO,$112.76,444436172825,577.89%,2.58%,1058.0,22.0,1036.0
492,LNTH,LNTH,$103.73,6753453886,42.57%,4.43%,1059.0,343.0,716.0
493,MHO,MHO,$146.84,3783730536,11.81%,12.12%,1060.0,991.0,69.0
493,LH,LH,$291.02,23863640000,35.44%,4.97%,1060.0,421.0,639.0
495,AHCO,AHCO,$10.47,1424485380,26.97%,5.78%,1062.0,561.0,501.0
495,TTC,TTC,$91.58,8721117610,32.23%,5.21%,1062.0,467.0,595.0
497,CVCO,CVCO,$562.1,4332402613,28.51%,5.59%,1063.0,531.0,532.0
498,EAT,EAT,$185.0,7934243000,31.35%,5.33%,1064.0,485.0,579.0
499,REG,REG,$81.18,14863814460,166.55%,2.78%,1065.0,64.0,1001.0
499,SN,SN,$145.83,20637918474,41.63%,4.44%,1065.0,351.0,714.0
501,PHIN,PHIN,$78.38,2901671336,16.56%,7.86%,1068.0,821.0,247.0
502,GD,GD,$381.79,103247541095,35.76%,4.84%,1070.0,416.0,654.0
503,CALM,CALM,$88.14,4175772466,12.74%,10.58%,1071.0,951.0,120.0
503,CWK,CWK,$12.47,2921727297,14.66%,8.52%,1071.0,877.0,194.0
505,CDP,CDP,$37.48,4249369960,72.78%,3.39%,1073.0,185.0,888.0
506,NTXVF,NTXVF,$0.51,1282520214,10.23%,21.2%,1075.0,1061.0,14.0
507,AZZ,AZZ,$152.84,4593071260,31.81%,5.16%,1077.0,474.0,603.0
508,HAL,HAL,$32.71,27325859912,20.41%,6.8%,1079.0,710.0,369.0
508,SMA,SMA,$33.7,1342904627,494.99%,2.47%,1079.0,26.0,1053.0
510,XHR,XHR,$21.03,1939929910,74.86%,3.31%,1080.0,175.0,905.0
510,SKYW,SKYW,$96.24,3816907272,11.96%,11.23%,1080.0,987.0,93.0
512,WTS,WTS,$343.67,11475446479,44.06%,4.19%,1081.0,331.0,750.0
513,GDRX,GDRX,$2.87,994826880,19.97%,6.86%,1082.0,720.0,362.0
513,USFD,USFD,$95.58,21048818760,37.86%,4.61%,1082.0,395.0,687.0
515,GRDN,GRDN,$39.44,2497365687,58.84%,3.6%,1083.0,229.0,854.0
515,PRMB,PRMB,$22.79,8269774528,28.25%,5.52%,1083.0,537.0,546.0
517,VRTX,VRTX,$473.09,120072804729,45.68%,4.06%,1085.0,312.0,773.0
517,USPH,USPH,$72.97,1110515836,29.57%,5.36%,1085.0,512.0,573.0
519,CXW,CXW,$31.65,3129819759,14.7%,8.24%,1086.0,875.0,211.0
520,PLOW,PLOW,$46.11,1066302603,25.93%,5.76%,1087.0,584.0,503.0
521,OHI,OHI,$50.97,15178967940,51.21%,3.86%,1088.0,279.0,809.0
522,AMH,AMH,$33.11,11892449800,158.47%,2.67%,1089.0,71.0,1018.0
522,LEVI,LEVI,$24.1,9429697230,22.96%,6.22%,1089.0,651.0,438.0
522,PH,PH,$985.48,124255614632,99.8%,3.04%,1089.0,130.0,959.0
525,CTAS,CTAS,$203.25,81329877750,89.68%,3.11%,1090.0,146.0,944.0
526,TDW,TDW,$77.44,3851137664,17.37%,7.34%,1092.0,792.0,300.0
527,MTDR,MTDR,$51.71,6421256118,11.14%,12.0%,1095.0,1024.0,71.0
528,CBL,CBL,$55.98,1732287497,46.52%,3.92%,1096.0,300.0,796.0
529,HOG,HOG,$26.54,2793820947,10.3%,14.03%,1098.0,1058.0,40.0
530,ST,ST,$45.62,6634609939,25.76%,5.72%,1100.0,589.0,511.0
531,BCPC,BCPC,$161.0,5172903596,42.64%,4.13%,1101.0,341.0,760.0
532,SGRY,SGRY,$15.22,1990593360,19.69%,6.74%,1104.0,727.0,377.0
532,VTS,VTS,$15.93,664478914,1648.6%,2.16%,1104.0,9.0,1095.0
534,NWL,NWL,$5.03,2137386693,24.23%,5.89%,1106.0,623.0,483.0
534,TDY,TDY,$651.22,30170457992,56.51%,3.54%,1106.0,246.0,860.0
534,IEX,IEX,$222.22,16447624855,43.49%,4.06%,1106.0,336.0,770.0
537,MMM,MMM,$169.59,87461364699,32.84%,4.83%,1107.0,451.0,656.0
538,SHC,SHC,$17.49,4987570725,25.71%,5.68%,1108.0,590.0,518.0
538,TDAY,TDAY,$8.34,1226876075,49.85%,3.78%,1108.0,286.0,822.0
540,HAE,HAE,$77.4,3517520400,28.13%,5.37%,1109.0,540.0,569.0
540,AGCO,AGCO,$117.27,8491344795,19.25%,6.77%,1109.0,735.0,374.0
540,ALG,ALG,$165.04,2008263164,14.85%,7.9%,1109.0,870.0,239.0
543,ETSY,ETSY,$80.91,7678054050,44.51%,4.03%,1110.0,328.0,782.0
543,TEX,TEX,$68.52,5019091576,19.6%,6.73%,1110.0,731.0,379.0
545,ENS,ENS,$200.05,7293048006,23.81%,5.93%,1111.0,634.0,477.0
545,CTS,CTS,$60.92,1741880077,33.19%,4.76%,1111.0,444.0,667.0
545,NWSA,NWSA,$26.33,14779868585,22.11%,6.24%,1111.0,677.0,434.0
548,MAN,MAN,$49.95,2323041733,22.26%,6.21%,1113.0,671.0,442.0
549,USLM,USLM,$106.49,3054352143,24.03%,5.87%,1115.0,626.0,489.0
550,SSD,SSD,$189.26,7785834658,25.83%,5.61%,1116.0,587.0,529.0
551,DAVE,DAVE,$408.59,5492717455,57.71%,3.43%,1117.0,235.0,882.0
551,UI,UI,$529.36,32037970916,144.06%,2.6%,1117.0,86.0,1031.0
553,GWW,GWW,$1367.46,64562025726,43.71%,4.01%,1118.0,333.0,785.0
554,IR,IR,$84.31,32993622470,45.57%,3.87%,1119.0,313.0,806.0
555,NGL,NGL,$16.08,2007009120,17.17%,7.18%,1120.0,803.0,317.0
556,TXT,TXT,$93.19,16204715910,18.85%,6.77%,1123.0,748.0,375.0
556,BJ,BJ,$91.29,11657184073,23.11%,5.95%,1123.0,647.0,476.0
558,TSCO,TSCO,$30.32,15901324000,18.67%,6.78%,1125.0,753.0,372.0
559,MCD,MCD,$262.8,186720976800,29.06%,5.15%,1127.0,520.0,607.0
559,NVDA,NVDA,$208.76,5056375960000,122.21%,2.61%,1127.0,97.0,1030.0
561,SGI,SGI,$68.85,14483664055,37.51%,4.36%,1128.0,398.0,730.0
562,UFPI,UFPI,$86.18,4867183820,12.73%,8.87%,1129.0,952.0,177.0
562,ECL,ECL,$263.14,74057595320,53.31%,3.52%,1129.0,264.0,865.0
564,WAT,WAT,$382.41,24926870036,54.77%,3.46%,1131.0,257.0,874.0
564,VMI,VMI,$488.6,9485533820,28.99%,5.11%,1131.0,522.0,609.0
566,UPS,UPS,$114.06,85155142920,17.32%,7.05%,1132.0,796.0,336.0
566,MATX,MATX,$213.59,6463938247,19.12%,6.63%,1132.0,739.0,393.0
568,LPG,LPG,$45.61,1951318080,12.6%,8.89%,1133.0,958.0,175.0
568,ABT,ABT,$100.79,175557029900,35.86%,4.43%,1133.0,415.0,718.0
570,HLT,HLT,$320.18,72888336640,73.28%,3.07%,1134.0,183.0,951.0
571,SCCG,SCCG,$24.01,1144877316,20359.56%,1.96%,1137.0,2.0,1135.0
571,OKE,OKE,$93.23,58737962792,15.15%,7.62%,1137.0,860.0,277.0
573,DRI,DRI,$194.12,22233534782,24.66%,5.64%,1138.0,612.0,526.0
573,SCCF,SCCF,$24.04,1146494044,20359.56%,1.96%,1138.0,2.0,1136.0
575,TRN,TRN,$36.77,2923417345,35.7%,4.39%,1139.0,417.0,722.0
576,SCCD,SCCD,$24.67,1156410863,20359.56%,1.95%,1140.0,2.0,1138.0
576,GTES,GTES,$27.02,6863078055,21.2%,6.17%,1140.0,692.0,448.0
578,KRC,KRC,$38.35,4459299650,52.64%,3.47%,1141.0,269.0,872.0
579,HSTM,HSTM,$26.39,770988811,94.37%,2.78%,1142.0,138.0,1004.0
579,M,M,$23.33,6136675467,11.37%,10.2%,1142.0,1010.0,132.0
581,WLDN,WLDN,$73.35,1108362510,41.44%,3.97%,1143.0,353.0,790.0
582,XYL,XYL,$116.87,27779297780,36.67%,4.31%,1144.0,407.0,737.0
583,UVV,UVV,$52.71,1313833647,11.63%,9.64%,1150.0,1001.0,149.0
584,MGNI,MGNI,$17.92,2566412854,45.47%,3.7%,1151.0,316.0,835.0
584,PCAR,PCAR,$130.75,68811924442,29.51%,4.97%,1151.0,514.0,637.0
586,RSG,RSG,$217.42,66892306880,29.57%,4.95%,1152.0,511.0,641.0
587,CENT,CENT,$42.98,2689292167,13.1%,8.16%,1153.0,935.0,218.0
588,CNX,CNX,$34.46,4875331880,10.67%,10.75%,1154.0,1041.0,113.0
589,ATKR,ATKR,$73.05,2466698781,13.0%,8.21%,1156.0,942.0,214.0
590,LILAP,LILAP,$18.69,3010959000,17.48%,6.79%,1158.0,788.0,370.0
591,EA,EA,$209.0,52406959000,147.28%,2.27%,1162.0,83.0,1079.0
592,AMRX,AMRX,$17.97,5738378070,26.78%,5.18%,1164.0,565.0,599.0
593,DLB,DLB,$49.16,4697478147,18.22%,6.57%,1165.0,763.0,402.0
593,MYE,MYE,$30.96,1162774008,28.22%,5.02%,1165.0,538.0,627.0
595,ABNB,ABNB,$137.57,81649669942,47.07%,3.49%,1166.0,296.0,870.0
596,KBH,KBH,$55.64,3411273266,10.46%,10.69%,1169.0,1051.0,118.0
597,NOC,NOC,$533.48,75787769240,30.47%,4.7%,1174.0,496.0,678.0
598,ARDT,ARDT,$10.42,1493707323,10.32%,10.68%,1175.0,1056.0,119.0
599,TCNNF,TCNNF,$8.78,1688302097,12.7%,8.09%,1177.0,953.0,224.0
599,GBX,GBX,$51.54,1594631416,9.96%,10.86%,1177.0,1069.0,108.0
599,RJET,RJET,$16.34,765193638,8.59%,12.72%,1177.0,1117.0,60.0
602,LHX,LHX,$299.67,55827022650,53.32%,3.26%,1178.0,263.0,915.0
603,CHRW,CHRW,$205.51,24224088861,58.39%,3.09%,1179.0,232.0,947.0
603,UAN,UAN,$123.9,1309578024,15.39%,7.08%,1179.0,848.0,331.0
605,OSIS,OSIS,$214.39,3533766787,25.51%,5.29%,1180.0,594.0,586.0
606,UE,UE,$22.9,2885857863,73.31%,2.81%,1181.0,182.0,999.0
606,MSM,MSM,$125.83,7027139552,35.0%,4.18%,1181.0,428.0,753.0
608,SYK,SYK,$318.97,122280582255,43.05%,3.63%,1185.0,340.0,845.0
608,DRVN,DRVN,$13.68,2256597588,28.88%,4.8%,1185.0,525.0,660.0
610,ODC,ODC,$96.41,1341767664,26.45%,5.07%,1189.0,571.0,618.0
610,ROK,ROK,$460.65,51258368100,85.41%,2.61%,1189.0,161.0,1028.0
610,OVV,OVV,$61.39,17251756410,13.36%,7.72%,1189.0,927.0,262.0
613,PAG,PAG,$215.54,14171594423,22.54%,5.59%,1194.0,661.0,533.0
614,NKE,NKE,$40.99,60657462113,19.3%,6.06%,1195.0,734.0,461.0
615,RRC,RRC,$38.87,9083141600,12.53%,7.99%,1196.0,962.0,234.0
616,TJX,TJX,$153.46,169527955330,35.2%,4.06%,1198.0,426.0,772.0
616,EMN,EMN,$67.92,7766652000,13.46%,7.58%,1198.0,919.0,279.0
618,TRLV,TRLV,$8.55,1452651489,11.64%,8.42%,1199.0,999.0,200.0
619,MLKN,MLKN,$21.46,1467321749,15.61%,6.91%,1201.0,846.0,355.0
620,DMC,DMC,$28.34,1348321099,9.69%,10.43%,1202.0,1077.0,125.0
621,BIIB,BIIB,$200.62,29618934940,20.99%,5.73%,1205.0,696.0,509.0
621,UPBD,UPBD,$21.08,1228831196,13.4%,7.53%,1205.0,921.0,284.0
621,BALL,BALL,$62.23,16568520380,18.2%,6.21%,1205.0,765.0,440.0
624,GE,GE,$349.0,362109326809,91.33%,2.37%,1206.0,144.0,1062.0
625,MPLX,MPLX,$57.51,58357336180,20.74%,5.78%,1207.0,705.0,502.0
625,MNR,MNR,$13.48,2248487455,9.95%,9.95%,1207.0,1070.0,137.0
625,DOC,DOC,$22.08,15222393600,108.75%,2.17%,1207.0,113.0,1094.0
628,KAI,KAI,$307.7,3633475450,34.45%,4.05%,1208.0,433.0,775.0
629,TREX,TREX,$42.38,4403228135,22.2%,5.57%,1209.0,675.0,534.0
630,GRC,GRC,$79.62,2102780124,35.42%,3.98%,1211.0,423.0,788.0
631,TPL,TPL,$425.55,29352055920,139.35%,2.03%,1212.0,89.0,1123.0
632,BLDR,BLDR,$70.55,7588358000,18.82%,6.02%,1215.0,749.0,466.0
633,ZM,ZM,$84.11,24663763622,16.11%,6.65%,1218.0,829.0,389.0
634,NTCT,NTCT,$39.45,2820486232,24.81%,5.09%,1219.0,607.0,612.0
635,BV,BV,$14.15,1318780000,17.58%,6.24%,1220.0,785.0,435.0
636,FLOC,FLOC,$20.75,1931550104,14.64%,6.98%,1223.0,878.0,345.0
637,HIW,HIW,$32.78,3614748940,57.42%,2.9%,1225.0,237.0,988.0
638,IVT,IVT,$35.81,2790883039,457.01%,1.44%,1229.0,29.0,1200.0
638,FOUR,FOUR,$46.34,4219948022,29.03%,4.46%,1229.0,521.0,708.0
640,CAR,CAR,$159.04,5618088000,40.14%,3.53%,1230.0,368.0,862.0
641,RPM,RPM,$104.77,13383424570,19.59%,5.79%,1231.0,732.0,499.0
641,UAL,UAL,$115.34,37437526650,11.11%,8.38%,1231.0,1028.0,203.0
643,EXPO,EXPO,$59.98,2909727507,30.33%,4.32%,1232.0,497.0,735.0
644,RLLWF,RLLWF,$2.5,1870096998,19.19%,5.82%,1235.0,738.0,497.0
645,LLY,LLY,$1185.77,1116688225570,65.88%,2.58%,1237.0,202.0,1035.0
646,REGN,REGN,$651.91,67161072020,19.06%,5.84%,1239.0,743.0,496.0
647,ZWS,ZWS,$48.25,8083916265,40.64%,3.45%,1240.0,361.0,879.0
648,CTVA,CTVA,$88.78,59377839600,27.77%,4.56%,1241.0,549.0,692.0
649,DHR,DHR,$192.36,135223585403,40.47%,3.45%,1242.0,362.0,880.0
649,STRL,STRL,$717.34,22012262242,118.67%,1.88%,1242.0,100.0,1142.0
651,APEI,APEI,$48.18,883789830,17.2%,6.19%,1244.0,800.0,444.0
651,ARMK,ARMK,$57.0,14988353148,32.82%,3.95%,1244.0,452.0,792.0
651,LYTS,LYTS,$23.42,730003742,27.95%,4.51%,1244.0,545.0,699.0
654,SSRM,SSRM,$27.2,5643755200,9.96%,8.73%,1249.0,1068.0,181.0
655,LQDT,LQDT,$37.47,1168360726,38.69%,3.52%,1250.0,386.0,864.0
656,DY,DY,$440.39,13225572285,27.84%,4.48%,1251.0,547.0,704.0
657,IESC,IESC,$663.7,13223492430,53.0%,2.92%,1252.0,267.0,985.0
658,JLL,JLL,$319.38,14817179984,14.75%,6.67%,1256.0,871.0,385.0
659,ATR,ATR,$129.0,8232820764,20.75%,5.48%,1257.0,703.0,554.0
660,DGII,DGII,$65.8,2480804694,86.15%,2.13%,1259.0,158.0,1101.0
661,GPC,GPC,$120.05,16550063948,24.13%,4.99%,1260.0,625.0,635.0
661,CCL,CCL,$25.27,34611033237,12.47%,7.39%,1260.0,965.0,295.0
663,CZR,CZR,$29.9,6090450600,14.94%,6.59%,1263.0,867.0,396.0
664,FIX,FIX,$1831.15,64460874760,91.95%,2.04%,1264.0,143.0,1121.0
665,SCSC,SCSC,$53.88,1095085623,11.86%,7.63%,1265.0,990.0,275.0
666,AEO,AEO,$17.08,2862146840,12.06%,7.53%,1266.0,981.0,285.0
666,WEN,WEN,$7.17,1365746189,15.38%,6.38%,1266.0,849.0,417.0
666,SPXC,SPXC,$219.8,11004251612,39.15%,3.42%,1266.0,383.0,883.0
669,TGT,TGT,$134.47,61075063770,14.12%,6.74%,1269.0,891.0,378.0
669,APPF,APPF,$163.95,5879693436,55.72%,2.68%,1269.0,252.0,1017.0
671,AIT,AIT,$344.08,12717024760,32.41%,3.86%,1270.0,462.0,808.0
672,FTK,FTK,$25.94,781584625,38.73%,3.41%,1271.0,385.0,886.0
673,WDFC,WDFC,$232.61,3121881141,40.45%,3.28%,1272.0,363.0,909.0
674,HNI,HNI,$40.57,2192806066,14.19%,6.67%,1275.0,889.0,386.0
675,AVGO,AVGO,$392.47,1867207422600,163.47%,1.33%,1279.0,66.0,1213.0
676,UDR,UDR,$39.48,12827683680,109.96%,1.7%,1280.0,112.0,1168.0
677,NFG,NFG,$82.06,7798601806,11.3%,7.68%,1281.0,1012.0,269.0
677,AROC,AROC,$38.39,6728292670,15.24%,6.29%,1281.0,853.0,428.0
677,A,A,$139.76,39472696320,34.64%,3.6%,1281.0,430.0,851.0
677,DXPE,DXPE,$174.81,2710483591,21.38%,5.22%,1281.0,689.0,592.0
681,WSO,WSO,$359.85,14821602558,24.51%,4.75%,1282.0,614.0,668.0
682,GRNT,GRNT,$4.93,650247275,8.57%,9.18%,1283.0,1118.0,165.0
682,CDE,CDE,$15.24,15705346557,23.93%,4.84%,1283.0,630.0,653.0
684,RTX,RTX,$209.16,281672305800,45.81%,2.96%,1285.0,309.0,976.0
684,ULS,ULS,$86.6,17427730227,46.72%,2.91%,1285.0,299.0,986.0
686,CXM,CXM,$5.5,1357361060,14.4%,6.56%,1287.0,883.0,404.0
687,TCMD,TCMD,$27.44,618944872,20.46%,5.31%,1290.0,708.0,582.0
688,CSW,CSW,$290.29,4730652637,39.21%,3.27%,1294.0,382.0,912.0
689,NSSC,NSSC,$35.66,1274035518,30.27%,3.92%,1295.0,500.0,795.0
689,PRKS,PRKS,$44.11,2079148140,8.9%,8.54%,1295.0,1103.0,192.0
691,MNST,MNST,$93.56,91502438772,48.44%,2.73%,1296.0,288.0,1008.0
692,MUSA,MUSA,$622.75,11502628425,22.35%,5.02%,1297.0,669.0,628.0
693,DEI,DEI,$12.13,2031593050,51.99%,2.62%,1300.0,276.0,1024.0
694,INVX,INVX,$26.67,1862109775,14.38%,6.39%,1301.0,885.0,416.0
695,GEF,GEF,$76.79,3542915442,15.85%,6.06%,1302.0,840.0,462.0
695,MTH,MTH,$71.58,4781591314,7.96%,9.12%,1302.0,1135.0,167.0
697,FTNT,FTNT,$151.54,111025537172,83.78%,1.92%,1303.0,163.0,1140.0
697,PAGP,PAGP,$26.51,5246438327,8.47%,8.7%,1303.0,1121.0,182.0
699,ECG,ECG,$137.97,7042210380,32.39%,3.65%,1304.0,463.0,841.0
700,KWR,KWR,$148.82,2584467648,19.81%,5.31%,1306.0,723.0,583.0
701,BOOT,BOOT,$147.76,4484146600,16.67%,5.85%,1308.0,816.0,492.0
701,GOOG,GOOG,$318.34,3844719734381,35.38%,3.42%,1308.0,424.0,884.0
703,GOOGL,GOOGL,$317.69,3844719734449,35.38%,3.42%,1309.0,424.0,885.0
704,SARO,SARO,$28.26,9395657929,23.13%,4.77%,1311.0,646.0,665.0
705,ARW,ARW,$215.11,10999423124,12.87%,6.81%,1312.0,944.0,368.0
706,LW,LW,$49.18,6790430140,15.16%,6.12%,1315.0,858.0,457.0
706,JBL,JBL,$321.9,33730963949,35.66%,3.36%,1315.0,418.0,897.0
708,GOLF,GOLF,$105.43,6173358763,27.4%,4.1%,1316.0,553.0,763.0
708,WCC,WCC,$330.66,16104762234,18.93%,5.36%,1316.0,745.0,571.0
710,NOW,NOW,$91.94,94818641400,72.01%,1.99%,1319.0,186.0,1133.0
711,SHO,SHO,$11.65,2170293296,52.51%,2.51%,1320.0,272.0,1048.0
712,FAST,FAST,$46.15,52957125000,39.45%,3.12%,1322.0,379.0,943.0
712,THO,THO,$74.99,3903782401,11.94%,7.07%,1322.0,988.0,334.0
712,MAIR,MAIR,$36.27,18182776222,60.7%,2.12%,1322.0,218.0,1104.0
712,AVO,AVO,$12.22,863444157,11.58%,7.15%,1322.0,1002.0,320.0
716,BNL,BNL,$22.36,4287900170,4.72%,11.13%,1324.0,1227.0,97.0
717,LNG,LNG,$271.99,56996048480,13.87%,6.31%,1325.0,900.0,425.0
718,HSY,HSY,$172.14,34917457023,31.97%,3.6%,1327.0,471.0,856.0
719,COP,COP,$120.2,146438939641,11.76%,7.06%,1328.0,993.0,335.0
720,WLFC,WLFC,$67.49,4839002225,43.06%,2.89%,1329.0,339.0,990.0
720,BDX,BDX,$152.97,55420281600,32.47%,3.5%,1329.0,460.0,869.0
722,OTTR,OTTR,$92.21,3871353861,10.4%,7.62%,1330.0,1054.0,276.0
723,EVCM,EVCM,$11.06,1957078060,50.27%,2.51%,1331.0,282.0,1049.0
724,GMED,GMED,$75.42,10171462037,21.27%,4.93%,1332.0,690.0,642.0
725,CMG,CMG,$32.01,41053773650,27.12%,4.04%,1334.0,557.0,777.0
726,CDRE,CDRE,$30.47,1304036778,20.85%,4.97%,1335.0,699.0,636.0
727,IPEU,IPEU,$12.0,3121329360,30835.95%,0.11%,1336.0,1.0,1335.0
728,GTBIF,GTBIF,$7.12,1655351499,10.53%,7.38%,1344.0,1048.0,296.0
728,FLUT,FLUT,$100.82,17490367728,59.27%,2.05%,1344.0,224.0,1120.0
730,MOS,MOS,$22.28,7081623228,6.89%,8.69%,1345.0,1161.0,184.0
731,CW,CW,$750.03,27707008236,53.45%,2.23%,1346.0,262.0,1084.0
732,GRPN,GRPN,$25.42,965553280,100.07%,1.27%,1348.0,129.0,1219.0
733,VG,VG,$15.16,37018437435,10.71%,7.24%,1349.0,1040.0,309.0
734,VAC,VAC,$93.82,3222066264,12.4%,6.72%,1350.0,970.0,380.0
735,VFC,VFC,$16.53,6485495910,15.88%,5.71%,1352.0,838.0,514.0
735,EQT,EQT,$53.38,33389883940,9.55%,7.66%,1352.0,1081.0,271.0
737,FBRT,FBRT,$7.61,585688506,7.98%,8.15%,1354.0,1134.0,220.0
738,APH,APH,$157.43,193675108900,37.87%,3.02%,1359.0,394.0,965.0
738,HRI,HRI,$163.25,5451415576,25.94%,4.05%,1359.0,583.0,776.0
740,DLTR,DLTR,$117.65,22609388750,16.63%,5.52%,1361.0,818.0,543.0
740,CMI,CMI,$665.03,91766869227,26.1%,4.01%,1361.0,577.0,784.0
740,FCX,FCX,$63.53,91328186800,12.97%,6.37%,1361.0,943.0,418.0
743,PKOH,PKOH,$38.17,549579294,11.25%,6.94%,1364.0,1016.0,348.0
744,SWKS,SWKS,$60.47,9095050820,15.92%,5.6%,1366.0,836.0,530.0
745,TPC,TPC,$87.63,4621834564,15.63%,5.67%,1367.0,845.0,522.0
745,NVEC,NVEC,$134.21,649196049,44.77%,2.53%,1367.0,325.0,1042.0
747,ALRM,ALRM,$50.5,2497760300,18.69%,5.09%,1368.0,752.0,616.0
747,LZB,LZB,$38.84,1554035008,10.58%,7.12%,1368.0,1044.0,324.0
749,MBC,MBC,$8.42,1077630248,13.8%,5.98%,1371.0,901.0,470.0
749,ITT,ITT,$195.2,17451809347,24.77%,4.11%,1371.0,609.0,762.0
751,FWONA,FWONA,$88.71,22231231381,46.39%,2.3%,1373.0,302.0,1071.0
752,KLAC,KLAC,$218.73,285722624400,63.75%,1.75%,1374.0,210.0,1164.0
753,RAMP,RAMP,$37.68,2290428349,21.48%,4.58%,1377.0,688.0,689.0
754,TMO,TMO,$572.32,212686130720,31.76%,3.33%,1378.0,476.0,902.0
754,QRVO,QRVO,$86.73,7651147140,17.86%,5.15%,1378.0,773.0,605.0
756,INSW,INSW,$91.35,4522253980,13.02%,6.21%,1379.0,938.0,441.0
756,EXE,EXE,$91.73,21944476170,8.36%,7.82%,1379.0,1125.0,254.0
758,CHWY,CHWY,$20.46,8472902013,33.71%,3.12%,1381.0,440.0,941.0
759,RCL,RCL,$283.41,76009144950,18.54%,5.02%,1384.0,758.0,626.0
760,DK,DK,$64.78,3970204250,13.73%,5.91%,1385.0,907.0,478.0
760,RUSHA,RUSHA,$76.37,5934622507,16.27%,5.41%,1385.0,824.0,561.0
762,HWKN,HWKN,$139.33,2912888712,28.1%,3.63%,1387.0,541.0,846.0
763,NCLH,NCLH,$18.71,8589948100,10.8%,6.93%,1388.0,1038.0,350.0
764,ACHC,ACHC,$34.01,3127798588,10.98%,6.87%,1391.0,1032.0,359.0
764,HEI,HEI,$340.54,47443920422,52.09%,2.06%,1391.0,275.0,1116.0
764,NOVTU,NOVTU,$61.26,2181584994,15.97%,5.45%,1391.0,834.0,557.0
767,WDC,WDC,$558.3,192435960600,80.37%,1.2%,1392.0,167.0,1225.0
767,NBIX,NBIX,$174.15,17510779539,26.63%,3.76%,1392.0,567.0,825.0
769,NGVC,NGVC,$29.35,676247069,12.54%,6.25%,1393.0,961.0,432.0
770,MDLN,MDLN,$37.63,31820160817,17.06%,5.21%,1398.0,804.0,594.0
770,RRX,RRX,$214.03,14247885709,27.36%,3.65%,1398.0,555.0,843.0
772,PZZA,PZZA,$30.35,998576125,22.38%,4.34%,1399.0,666.0,733.0
773,TRIP,TRIP,$13.49,1569712170,20.94%,4.48%,1400.0,697.0,703.0
774,FWONK,FWONK,$96.48,24178438708,46.39%,2.14%,1401.0,302.0,1099.0
774,QTWO,QTWO,$52.88,3310309152,68.18%,1.39%,1401.0,195.0,1206.0
776,CARR,CARR,$69.15,57434636250,37.17%,2.78%,1404.0,401.0,1003.0
776,CNXN,CNXN,$80.03,2018836780,12.06%,6.35%,1404.0,983.0,421.0
776,BLMN,BLMN,$8.19,701181011,12.85%,6.11%,1404.0,946.0,458.0
779,PODD,PODD,$158.38,10970139068,22.87%,4.19%,1405.0,656.0,749.0
780,KGS,KGS,$65.28,6587986706,12.32%,6.25%,1406.0,973.0,433.0
780,UTZ,UTZ,$14.09,1247487189,22.37%,4.29%,1406.0,667.0,739.0
782,NMRK,NMRK,$15.05,2351444869,13.63%,5.84%,1407.0,913.0,494.0
783,HL,HL,$15.32,10275307840,16.53%,5.24%,1413.0,822.0,591.0
784,EPD,EPD,$38.8,83944508915,13.2%,5.89%,1415.0,931.0,484.0
785,BXP,BXP,$67.84,10818946205,8.71%,7.27%,1418.0,1113.0,305.0
786,SMCI,SMCI,$31.2,20182437600,11.65%,6.33%,1420.0,998.0,422.0
787,NOV,NOV,$20.13,7224435570,9.45%,7.04%,1422.0,1084.0,338.0
788,AIR,AIR,$129.47,5164878220,20.2%,4.45%,1423.0,714.0,709.0
789,TKR,TKR,$140.89,9791081514,17.74%,4.89%,1424.0,779.0,645.0
789,BOX,BOX,$28.28,3917703144,50.73%,1.86%,1424.0,280.0,1144.0
791,GT,GT,$7.03,2020696170,7.03%,7.69%,1425.0,1158.0,267.0
791,GBTG,GBTG,$9.41,4914706367,32.38%,3.04%,1425.0,464.0,961.0
791,VTOL,VTOL,$45.16,1336998560,8.35%,7.35%,1425.0,1126.0,299.0
794,BELFB,BELFB,$285.92,3461760388,32.78%,2.97%,1426.0,454.0,972.0
795,COO,COO,$70.23,13697027130,22.2%,4.17%,1429.0,674.0,755.0
796,PKG,PKG,$233.9,20840173533,16.61%,5.1%,1430.0,820.0,610.0
797,APPS,APPS,$8.03,971116080,36.73%,2.61%,1433.0,406.0,1027.0
797,XRAY,XRAY,$12.72,2548155408,15.0%,5.37%,1433.0,865.0,568.0
799,TCPA,TCPA,$22.78,23053360000,9.17%,7.0%,1434.0,1092.0,342.0
799,ROST,ROST,$232.39,74546314252,25.98%,3.6%,1434.0,581.0,853.0
801,HLMN,HLMN,$7.87,1544172700,16.9%,5.01%,1436.0,807.0,629.0
802,WES,WES,$47.93,19803265804,13.4%,5.68%,1437.0,920.0,517.0
803,USAC,USAC,$26.9,3248501297,14.29%,5.49%,1438.0,888.0,550.0
803,LRCX,LRCX,$319.78,399907274600,56.86%,1.48%,1438.0,243.0,1195.0
805,DV,DV,$10.38,1592958282,13.94%,5.52%,1439.0,898.0,541.0
805,CNK,CNK,$32.69,3817799720,18.22%,4.71%,1439.0,764.0,675.0
807,WM,WM,$237.27,95281937520,23.31%,3.9%,1440.0,641.0,799.0
807,POWL,POWL,$242.47,8833570052,36.43%,2.61%,1440.0,411.0,1029.0
809,CMC,CMC,$68.04,7526877576,10.44%,6.63%,1443.0,1052.0,391.0
810,SXT,SXT,$117.03,4981845389,25.28%,3.62%,1450.0,602.0,848.0
811,AMAT,AMAT,$562.8,446840125200,46.05%,1.86%,1452.0,306.0,1146.0
811,INOD,INOD,$60.01,1959648034,41.5%,2.14%,1452.0,352.0,1100.0
813,CRI,CRI,$37.44,1379668343,9.33%,6.84%,1453.0,1088.0,365.0
813,MITK,MITK,$15.91,718477319,37.82%,2.47%,1453.0,396.0,1057.0
815,PR,PR,$21.37,17892847210,9.15%,6.86%,1454.0,1093.0,361.0
815,CDNS,CDNS,$330.46,91146155360,46.45%,1.82%,1454.0,301.0,1153.0
817,AMRC,AMRC,$23.57,1248064828,21.08%,4.12%,1455.0,694.0,761.0
817,VRT,VRT,$304.04,116784444417,52.15%,1.6%,1455.0,274.0,1181.0
819,HWM,HWM,$287.09,114866857294,46.29%,1.82%,1458.0,304.0,1154.0
819,CAT,CAT,$894.54,412058221980,36.08%,2.52%,1458.0,413.0,1045.0
821,RVLV,RVLV,$24.42,1742323093,16.12%,5.01%,1459.0,828.0,631.0
821,LYV,LYV,$176.06,40971415744,28.37%,3.2%,1459.0,533.0,926.0
823,COLM,COLM,$61.73,3156921584,10.65%,6.31%,1466.0,1042.0,424.0
823,XPRO,XPRO,$15.7,1780301500,10.41%,6.41%,1466.0,1053.0,413.0
825,DXCM,DXCM,$70.48,27196327419,25.84%,3.43%,1467.0,586.0,881.0
826,ARHS,ARHS,$7.18,1016257660,9.78%,6.62%,1468.0,1074.0,394.0
827,EW,EW,$83.82,48263556000,23.92%,3.66%,1470.0,631.0,839.0
828,ESE,ESE,$331.41,8585905152,43.22%,1.99%,1471.0,337.0,1134.0
829,PGNY,PGNY,$30.7,2404803759,21.09%,4.02%,1476.0,693.0,783.0
830,SAFE,SAFE,$16.06,1150056632,13.38%,5.48%,1480.0,925.0,555.0
831,APG,APG,$39.56,17138499245,31.18%,2.84%,1481.0,487.0,994.0
832,EGY,EGY,$5.71,595313180,7.61%,7.01%,1482.0,1141.0,341.0
833,AM,AM,$23.01,10929289800,17.32%,4.61%,1483.0,797.0,686.0
834,TR,TR,$37.92,2846650722,22.3%,3.83%,1487.0,670.0,817.0
835,ET,ET,$20.42,70268472436,8.8%,6.72%,1489.0,1108.0,381.0
836,AGYS,AGYS,$95.01,2676108666,46.26%,1.56%,1490.0,305.0,1185.0
837,WSC,WSC,$26.88,4865136972,13.18%,5.44%,1491.0,932.0,559.0
838,WDAY,WDAY,$127.87,33494537222,26.51%,3.21%,1492.0,569.0,923.0
839,DT,DT,$40.65,11848488546,34.42%,2.43%,1493.0,434.0,1059.0
839,WYNN,WYNN,$96.77,10043467990,12.12%,5.71%,1493.0,978.0,515.0
839,ILMN,ILMN,$196.86,29784918000,30.5%,2.81%,1493.0,495.0,998.0
842,DKS,DKS,$204.36,17459198847,12.58%,5.57%,1495.0,960.0,535.0
843,HPK,HPK,$8.03,1014654740,5.06%,7.55%,1500.0,1219.0,281.0
843,UNP,UNP,$304.33,180684677290,16.62%,4.66%,1500.0,819.0,681.0
845,FDX,FDX,$315.62,75309064329,9.76%,6.31%,1501.0,1075.0,426.0
846,RBC,RBC,$595.31,18832845566,37.21%,2.13%,1502.0,400.0,1102.0
847,RBA,RBA,$109.16,20336508000,25.55%,3.28%,1503.0,592.0,911.0
847,KLC,KLC,$4.83,572008684,10.25%,6.21%,1503.0,1060.0,443.0
849,RS,RS,$395.37,20183045445,16.38%,4.66%,1505.0,823.0,682.0
850,ITGR,ITGR,$97.5,3310596803,17.29%,4.46%,1506.0,799.0,707.0
850,MOV,MOV,$35.94,566831304,5.85%,7.19%,1506.0,1192.0,314.0
850,TRGP,TRGP,$285.58,61298033520,17.73%,4.38%,1506.0,781.0,725.0
853,CCI,CCI,$74.57,32546225640,24.72%,3.36%,1507.0,611.0,896.0
854,RMR,RMR,$19.79,630701126,12.8%,5.41%,1508.0,948.0,560.0
854,HRL,HRL,$25.02,13766128699,16.85%,4.51%,1508.0,810.0,698.0
856,KE,KE,$24.91,599058722,7.05%,6.93%,1509.0,1157.0,352.0
857,MNTN,MNTN,$8.36,618005367,11.03%,5.9%,1510.0,1030.0,480.0
858,ASIX,ASIX,$21.39,576653780,5.73%,7.19%,1513.0,1198.0,315.0
859,CBRE,CBRE,$135.55,39691344350,30.23%,2.71%,1514.0,501.0,1013.0
860,FANG,FANG,$205.49,57807008370,7.46%,6.78%,1518.0,1145.0,373.0
861,EXTR,EXTR,$29.73,3888032556,60.58%,0.48%,1520.0,220.0,1300.0
861,HZO,HZO,$33.57,739485130,11.63%,5.68%,1520.0,1000.0,520.0
863,TER,TER,$373.75,58507572500,47.05%,1.18%,1523.0,297.0,1226.0
864,CRL,CRL,$229.29,11044378812,21.67%,3.65%,1526.0,684.0,842.0
865,TXRH,TXRH,$190.86,12545154319,22.58%,3.52%,1527.0,660.0,867.0
866,CCO,CCO,$2.41,1226651440,18.65%,4.05%,1529.0,755.0,774.0
867,ODFL,ODFL,$230.71,47980362571,28.28%,2.84%,1530.0,535.0,995.0
868,NTST,NTST,$21.83,1805335433,32.37%,2.32%,1531.0,465.0,1066.0
869,DG,DG,$115.15,25400552402,11.97%,5.51%,1533.0,986.0,547.0
870,AVT,AVT,$89.92,7375605364,9.21%,6.19%,1536.0,1091.0,445.0
871,AMT,AMT,$164.65,76709282450,17.87%,4.06%,1542.0,771.0,771.0
872,R,R,$267.91,10365710097,10.37%,5.88%,1543.0,1055.0,488.0
872,BCC,BCC,$76.46,2690607215,7.53%,6.57%,1543.0,1142.0,401.0
872,NPO,NPO,$336.95,7118629098,34.35%,2.11%,1543.0,437.0,1106.0
875,ADI,ADI,$380.2,185190484624,40.85%,1.54%,1544.0,357.0,1187.0
876,RH,RH,$166.08,3139078080,11.78%,5.48%,1545.0,992.0,553.0
876,DXC,DXC,$9.27,1502484038,8.04%,6.43%,1545.0,1133.0,412.0
878,NVST,NVST,$26.17,4258589745,13.99%,4.86%,1547.0,897.0,650.0
879,GFF,GFF,$88.91,4078002162,20.28%,3.7%,1549.0,713.0,836.0
879,ESI,ESI,$38.3,9333173800,23.24%,3.31%,1549.0,643.0,906.0
881,PAHC,PAHC,$34.04,1379927681,12.1%,5.35%,1554.0,979.0,575.0
882,BMRN,BMRN,$58.87,11378629080,12.86%,5.1%,1556.0,945.0,611.0
883,PSMT,PSMT,$186.67,5760734015,17.39%,4.1%,1557.0,791.0,766.0
884,COST,COST,$926.06,410688162740,28.92%,2.57%,1561.0,524.0,1037.0
885,SHLS,SHLS,$9.89,1659263270,24.52%,3.09%,1563.0,613.0,950.0
885,MOD,MOD,$249.62,13256614022,28.96%,2.54%,1563.0,523.0,1040.0
887,CCC,CCC,$5.74,3369038677,33.65%,2.03%,1564.0,442.0,1122.0
888,ORCL,ORCL,$120.04,345771618800,15.45%,4.42%,1566.0,847.0,719.0
889,NE,NE,$43.11,6878025646,8.71%,6.14%,1567.0,1114.0,453.0
890,RSI,RSI,$31.32,7449121771,42.17%,1.23%,1571.0,347.0,1224.0
890,ANIP,ANIP,$78.53,1785349552,15.11%,4.45%,1571.0,861.0,710.0
892,NIQ,NIQ,$10.43,3078272131,30.9%,2.2%,1575.0,489.0,1086.0
893,HROW,HROW,$41.88,1561081481,30.52%,2.22%,1579.0,494.0,1085.0
894,LOAR,LOAR,$70.11,6564011592,36.62%,1.66%,1582.0,409.0,1173.0
894,EE,EE,$39.68,4586968796,10.97%,5.49%,1582.0,1033.0,549.0
896,HII,HII,$287.09,11312494360,14.71%,4.44%,1585.0,873.0,712.0
897,AA,AA,$45.27,11946390840,9.06%,5.85%,1587.0,1096.0,491.0
897,ANET,ANET,$176.61,222381914445,34.39%,1.82%,1587.0,435.0,1152.0
899,ARRY,ARRY,$5.62,865273376,11.39%,5.32%,1590.0,1009.0,581.0
900,TBLA,TBLA,$4.81,1314690176,22.69%,3.17%,1591.0,659.0,932.0
900,PAA,PAA,$24.69,17419585080,8.51%,5.98%,1591.0,1120.0,471.0
902,WMT,WMT,$108.4,862655872000,22.2%,3.25%,1594.0,676.0,918.0
903,SITE,SITE,$98.64,4370563709,13.52%,4.61%,1602.0,917.0,685.0
904,MYRG,MYRG,$407.4,6343625400,26.47%,2.58%,1603.0,570.0,1033.0
905,SPB,SPB,$87.43,2027877649,12.62%,4.88%,1604.0,957.0,647.0
905,ALX,ALX,$277.65,1418039069,24.26%,2.92%,1604.0,621.0,983.0
907,MPC,MPC,$312.27,91163166990,13.11%,4.73%,1605.0,934.0,671.0
908,ELF,ELF,$76.15,4488055672,26.54%,2.57%,1606.0,568.0,1038.0
908,SVV,SVV,$9.02,1388955163,13.4%,4.62%,1606.0,922.0,684.0
910,Q,Q,$138.66,29026974443,22.87%,3.06%,1607.0,654.0,953.0
911,TSN,TSN,$56.75,20202969185,11.32%,5.18%,1609.0,1011.0,598.0
912,IMKTA,IMKTA,$84.88,1612242635,5.31%,6.57%,1612.0,1212.0,400.0
913,ALGT,ALGT,$94.48,1725781695,5.91%,6.28%,1616.0,1187.0,429.0
914,CDNL,CDNL,$71.27,1089928689,18.48%,3.56%,1617.0,759.0,858.0
914,YSWY,YSWY,$19.78,616850416,7.75%,5.91%,1617.0,1138.0,479.0
916,FTAI,FTAI,$216.81,22241014159,22.74%,3.03%,1620.0,657.0,963.0
917,NPKI,NPKI,$14.49,1223637552,17.4%,3.72%,1621.0,790.0,831.0
918,UTI,UTI,$38.67,2129223603,17.33%,3.73%,1623.0,794.0,829.0
918,KEX,KEX,$149.1,7976850000,10.54%,5.34%,1623.0,1047.0,576.0
920,TTI,TTI,$8.53,1247094530,15.21%,4.06%,1625.0,856.0,769.0
921,FA,FA,$19.18,3290080561,24.26%,2.75%,1626.0,620.0,1006.0
921,IRMD,IRMD,$93.86,1199812380,27.56%,2.28%,1626.0,550.0,1076.0
923,LPX,LPX,$72.14,5040052443,11.51%,5.03%,1630.0,1006.0,624.0
924,RMBS,RMBS,$103.19,11158657030,26.06%,2.49%,1631.0,579.0,1052.0
925,SXI,SXI,$308.58,3738422631,23.34%,2.88%,1633.0,640.0,993.0
925,ASTH,ASTH,$40.99,2032424304,22.93%,2.93%,1633.0,653.0,980.0
927,THRM,THRM,$45.61,1398735553,11.15%,5.09%,1635.0,1022.0,613.0
928,MHK,MHK,$110.01,6705455591,6.05%,6.14%,1636.0,1182.0,454.0
929,CVNA,CVNA,$60.2,66029507153,22.7%,2.92%,1640.0,658.0,982.0
929,KSS,KSS,$18.2,2063879873,4.9%,6.36%,1640.0,1221.0,419.0
931,KNF,KNF,$77.65,4406936841,10.73%,5.16%,1641.0,1039.0,602.0
932,GHC,GHC,$1143.13,4954038494,12.38%,4.72%,1643.0,971.0,672.0
933,KMI,KMI,$32.77,72907679100,12.67%,4.57%,1645.0,955.0,690.0
933,PWR,PWR,$653.8,98109228000,32.46%,1.57%,1645.0,461.0,1184.0
935,AMN,AMN,$33.07,1282654740,31.85%,1.62%,1651.0,472.0,1179.0
935,GVA,GVA,$126.71,5543144230,15.04%,3.99%,1651.0,864.0,787.0
937,NESR,NESR,$27.88,2811621469,19.23%,3.24%,1656.0,737.0,919.0
938,TXN,TXN,$284.99,259367404070,26.29%,2.23%,1658.0,575.0,1083.0
939,FLEX,FLEX,$127.94,46875879539,20.13%,3.09%,1665.0,716.0,949.0
940,CR,CR,$218.1,12594334117,17.32%,3.51%,1666.0,798.0,868.0
941,AGX,AGX,$602.3,8443792468,29.91%,1.78%,1667.0,506.0,1161.0
942,REX,REX,$45.33,1493066757,8.99%,5.37%,1670.0,1100.0,570.0
943,SBUX,SBUX,$103.21,117628437000,23.9%,2.54%,1671.0,632.0,1039.0
944,XOM,XOM,$156.89,650300806372,10.93%,4.97%,1672.0,1034.0,638.0
945,DINO,DINO,$89.09,16060699750,10.16%,5.11%,1673.0,1065.0,608.0
945,VEEV,VEEV,$179.58,29171566198,14.08%,4.04%,1673.0,894.0,779.0
947,HHH,HHH,$65.75,3920317450,17.84%,3.35%,1675.0,774.0,901.0
948,HGV,HGV,$48.52,3809569780,9.1%,5.3%,1680.0,1095.0,585.0
949,CECO,CECO,$79.59,2854866876,28.66%,1.82%,1682.0,527.0,1155.0
950,NPK,NPK,$121.98,874113925,11.26%,4.75%,1683.0,1014.0,669.0
951,TMDX,TMDX,$71.13,2458316817,12.32%,4.45%,1686.0,975.0,711.0
952,ISRG,ISRG,$332.02,117589146801,22.46%,2.63%,1688.0,665.0,1023.0
953,COCO,COCO,$69.37,3961904045,25.37%,2.19%,1689.0,599.0,1090.0
954,CLH,CLH,$306.47,16195713620,15.64%,3.6%,1696.0,844.0,852.0
954,JBTM,JBTM,$134.33,6994267574,25.15%,2.18%,1696.0,605.0,1091.0
954,WMK,WMK,$74.74,1849411404,6.46%,5.66%,1696.0,1172.0,524.0
957,WWD,WWD,$411.94,24544579826,26.03%,2.05%,1699.0,580.0,1119.0
957,DE,DE,$610.02,164667227999,14.36%,3.84%,1699.0,886.0,813.0
957,ECVT,ECVT,$12.89,1410855409,10.93%,4.77%,1699.0,1035.0,664.0
960,MLR,MLR,$51.22,583687754,7.35%,5.49%,1701.0,1149.0,552.0
961,AVNT,AVNT,$36.64,3360260519,12.49%,4.26%,1707.0,963.0,744.0
961,NUE,NUE,$241.15,54919742150,11.53%,4.48%,1707.0,1005.0,702.0
963,DCH,DCH,$5.59,661862093,5.74%,5.72%,1708.0,1196.0,512.0
964,HPE,HPE,$47.66,63104918793,25.88%,2.02%,1709.0,585.0,1124.0
965,GLP,GLP,$48.32,1641498531,8.75%,5.16%,1710.0,1109.0,601.0
966,MMSI,MMSI,$73.11,4361366449,14.01%,3.83%,1711.0,896.0,815.0
967,WS,WS,$35.98,1828012113,9.52%,5.01%,1713.0,1083.0,630.0
968,RVTY,RVTY,$113.17,12625245200,22.96%,2.34%,1715.0,650.0,1065.0
968,DD,DD,$137.4,18551667209,12.77%,4.1%,1715.0,950.0,765.0
970,JJSF,JJSF,$76.14,1427885094,5.76%,5.68%,1716.0,1195.0,521.0
971,DRS,DRS,$48.16,12847257920,20.3%,2.75%,1719.0,712.0,1007.0
972,AMZN,AMZN,$233.66,2513503986000,17.61%,3.14%,1720.0,784.0,936.0
973,H,H,$183.62,17467567516,21.04%,2.61%,1721.0,695.0,1026.0
974,LSTR,LSTR,$207.97,7056049834,21.75%,2.52%,1725.0,682.0,1043.0
975,AR,AR,$35.07,10865948520,7.78%,5.25%,1726.0,1137.0,589.0
976,VLO,VLO,$305.26,90641767580,11.41%,4.42%,1728.0,1008.0,720.0
977,KEYS,KEYS,$325.13,55563210998,26.86%,1.67%,1732.0,563.0,1169.0
978,OUT,OUT,$31.89,5614665334,17.0%,3.2%,1733.0,806.0,927.0
979,GEL,GEL,$15.1,1848607247,7.35%,5.28%,1736.0,1148.0,588.0
980,KN,KN,$38.81,3320609215,22.53%,2.27%,1739.0,662.0,1077.0
981,ACA,ACA,$145.11,7125889344,12.59%,4.03%,1740.0,959.0,781.0
981,MLAB,MLAB,$100.95,557741684,20.02%,2.65%,1740.0,719.0,1021.0
981,HUBG,HUBG,$49.22,2981679037,12.06%,4.14%,1740.0,982.0,758.0
984,GEO,GEO,$31.07,4151511260,11.11%,4.43%,1742.0,1027.0,715.0
985,CE,CE,$47.35,5192521222,10.3%,4.55%,1751.0,1057.0,694.0
986,MPWR,MPWR,$1397.15,68641979500,29.54%,1.08%,1753.0,513.0,1240.0
987,PAY,PAY,$28.76,3607227918,21.6%,2.29%,1758.0,686.0,1072.0
988,ALNT,ALNT,$88.62,1506230893,17.99%,2.88%,1759.0,768.0,991.0
989,MOG-A,MOG-A,$409.65,12978759065,17.63%,2.96%,1760.0,783.0,977.0
990,TNC,TNC,$86.82,1479317558,12.34%,3.98%,1761.0,972.0,789.0
991,NSC,NSC,$348.55,78282238700,11.16%,4.27%,1762.0,1021.0,741.0
991,KALU,KALU,$180.6,2951113444,9.53%,4.69%,1762.0,1082.0,680.0
993,CRK,CRK,$13.72,4029509120,6.11%,5.22%,1770.0,1177.0,593.0
994,MNKD,MNKD,$3.89,1201816146,19.12%,2.58%,1774.0,740.0,1034.0
995,GME,GME,$21.35,9579558337,2.98%,5.8%,1776.0,1278.0,498.0
996,CSX,CSX,$52.81,97829468800,12.32%,3.88%,1778.0,974.0,804.0
997,MRVL,MRVL,$209.32,183315339120,30.01%,0.72%,1779.0,503.0,1276.0
997,RDVT,RDVT,$59.57,840468424,25.21%,1.64%,1779.0,603.0,1176.0
997,ROAD,ROAD,$104.04,5879789908,15.16%,3.23%,1779.0,859.0,920.0
1000,MLM,MLM,$546.87,32837301333,11.75%,4.0%,1780.0,994.0,786.0
1001,WST,WST,$355.48,25113808848,19.5%,2.5%,1784.0,733.0,1051.0
1002,CASY,CASY,$875.25,32388538725,16.68%,2.97%,1786.0,815.0,971.0
1003,LMAT,LMAT,$97.49,2227714743,14.31%,3.31%,1794.0,887.0,907.0
1003,TGTX,TGTX,$55.5,8496138690,25.52%,1.43%,1794.0,593.0,1201.0
1003,LXU,LXU,$12.21,878372748,5.89%,5.15%,1794.0,1188.0,606.0
1003,KMT,KMT,$34.86,2656684191,9.05%,4.53%,1794.0,1098.0,696.0
1007,UMH,UMH,$15.4,1311559403,19.67%,2.3%,1798.0,728.0,1070.0
1008,HOV,HOV,$130.88,663782787,4.71%,5.36%,1800.0,1228.0,572.0
1009,CTO,CTO,$21.81,736820142,18.43%,2.53%,1801.0,760.0,1041.0
1009,EPC,EPC,$26.69,1229910591,12.09%,3.79%,1801.0,980.0,821.0
1011,LTC,LTC,$41.77,2137849417,10.27%,4.27%,1802.0,1059.0,743.0
1012,BKV,BKV,$26.0,2844051860,5.87%,5.09%,1805.0,1190.0,615.0
1013,MKSI,MKSI,$345.3,23322977730,21.22%,2.07%,1806.0,691.0,1115.0
1014,CGNX,CGNX,$63.44,10557649971,24.19%,1.58%,1807.0,624.0,1183.0
1015,JBHT,JBHT,$289.37,27287359504,15.85%,2.97%,1813.0,839.0,974.0
1016,STLD,STLD,$240.57,34693268725,11.41%,3.87%,1814.0,1007.0,807.0
1017,SPG,SPG,$225.2,73028306400,14.6%,3.13%,1818.0,879.0,939.0
1017,CHEF,CHEF,$94.48,3852667648,14.67%,3.12%,1818.0,876.0,942.0
1019,IFF,IFF,$73.77,18833737351,13.36%,3.38%,1819.0,926.0,893.0
1019,TFX,TFX,$131.16,5806479432,14.48%,3.14%,1819.0,882.0,937.0
1021,MTZ,MTZ,$358.86,28356600442,20.12%,2.12%,1822.0,717.0,1105.0
1021,MUR,MUR,$39.4,5647972940,4.88%,5.18%,1822.0,1222.0,600.0
1023,SMTC,SMTC,$138.68,12918203978,26.09%,1.01%,1824.0,578.0,1246.0
1024,SUNC,SUNC,$75.75,3253689750,5.67%,5.03%,1825.0,1200.0,625.0
1025,NWPX,NWPX,$132.76,1279409182,11.89%,3.7%,1826.0,989.0,837.0
1026,PRSU,PRSU,$51.58,1409088230,9.92%,4.16%,1829.0,1072.0,757.0
1027,MSGE,MSGE,$76.37,3612700568,15.99%,2.82%,1830.0,833.0,997.0
1028,GXO,GXO,$52.57,6048104324,13.59%,3.25%,1831.0,915.0,916.0
1029,UNF,UNF,$289.72,5263795203,12.19%,3.6%,1832.0,977.0,855.0
1029,FIVE,FIVE,$201.31,11131507110,11.54%,3.74%,1832.0,1004.0,828.0
1031,ATRO,ATRO,$71.0,2729836968,17.53%,2.47%,1841.0,787.0,1054.0
1031,DUOL,DUOL,$120.67,5622391308,14.09%,3.09%,1841.0,893.0,948.0
1033,ASTE,ASTE,$56.22,1292645659,9.21%,4.18%,1844.0,1090.0,754.0
1034,SNPS,SNPS,$373.52,71521357474,24.81%,1.1%,1845.0,608.0,1237.0
1035,BBCP,BBCP,$10.92,550296146,8.36%,4.38%,1847.0,1124.0,723.0
1036,BTSG,BTSG,$69.84,13706686656,20.77%,1.81%,1858.0,702.0,1156.0
1036,PLPC,PLPC,$325.82,1592612070,11.67%,3.53%,1858.0,997.0,861.0
1038,WMB,WMB,$75.25,92030619441,11.25%,3.63%,1862.0,1015.0,847.0
1039,INSP,INSP,$50.81,1463996304,8.37%,4.29%,1863.0,1123.0,740.0
1040,RES,RES,$5.86,1298798680,5.44%,4.8%,1865.0,1206.0,659.0
1040,ACLS,ACLS,$141.51,4349153764,14.12%,2.97%,1865.0,892.0,973.0
1042,GEV,GEV,$1031.19,274640544984,26.44%,0.52%,1866.0,572.0,1294.0
1043,WGO,WGO,$30.07,850045613,6.75%,4.5%,1868.0,1167.0,701.0
1044,SANM,SANM,$218.56,11714320962,13.01%,3.18%,1870.0,940.0,930.0
1045,DOCN,DOCN,$131.15,13687338600,23.52%,1.11%,1871.0,636.0,1235.0
1045,CRGY,CRGY,$11.39,3761565952,4.36%,5.01%,1871.0,1239.0,632.0
1047,OXY,OXY,$57.6,57290958778,5.82%,4.7%,1872.0,1193.0,679.0
1048,ATI,ATI,$199.84,27272250132,17.56%,2.2%,1873.0,786.0,1087.0
1049,RHP,RHP,$128.89,8134154068,8.85%,4.09%,1874.0,1106.0,768.0
1050,SWBI,SWBI,$14.43,645411591,7.22%,4.39%,1875.0,1154.0,721.0
1050,HCSG,HCSG,$22.42,1539368879,11.19%,3.57%,1875.0,1018.0,857.0
1052,PNTG,PNTG,$39.81,1384096444,14.39%,2.82%,1880.0,884.0,996.0
1053,EROK,EROK,$22.32,2425211897,25.43%,0.67%,1881.0,597.0,1284.0
1053,VMC,VMC,$274.93,35673542150,9.57%,3.89%,1881.0,1079.0,802.0
1055,XPO,XPO,$214.16,25144525600,16.14%,2.47%,1882.0,827.0,1055.0
1055,AEIS,AEIS,$315.14,11984994798,20.47%,1.64%,1882.0,707.0,1175.0
1057,CRS,CRS,$601.54,29887883042,19.76%,1.72%,1892.0,726.0,1166.0
1058,DRH,DRH,$12.67,2590895788,6.76%,4.36%,1894.0,1166.0,728.0
1059,IRDM,IRDM,$47.64,5047934400,11.01%,3.52%,1897.0,1031.0,866.0
1059,PLXS,PLXS,$261.71,7002422940,13.5%,2.95%,1897.0,918.0,979.0
1061,SXC,SXC,$8.99,762830250,4.49%,4.77%,1900.0,1237.0,663.0
1062,NOVT,NOVT,$143.26,5101760794,15.97%,2.3%,1903.0,834.0,1069.0
1063,EL,EL,$79.92,28905037389,14.18%,2.7%,1904.0,890.0,1014.0
1064,ENPH,ENPH,$38.89,5125624220,11.11%,3.39%,1915.0,1026.0,889.0
1065,DSGR,DSGR,$34.5,1595811990,11.29%,3.33%,1916.0,1013.0,903.0
1066,WBI,WBI,$35.54,1670950737,3.34%,4.83%,1922.0,1267.0,655.0
1067,SWIM,SWIM,$5.5,645763740,10.57%,3.45%,1923.0,1045.0,878.0
1068,BURL,BURL,$339.48,21367618056,11.56%,3.23%,1925.0,1003.0,922.0
1069,TOST,TOST,$28.4,16472000284,16.65%,2.1%,1926.0,817.0,1109.0
1070,GHM,GHM,$105.5,1233415270,20.84%,1.16%,1928.0,700.0,1228.0
1071,ACAD,ACAD,$24.83,4251786652,12.48%,3.01%,1931.0,964.0,967.0
1072,SEB,SEB,$4621.77,4426703575,4.28%,4.52%,1938.0,1241.0,697.0
1073,VSEC,VSEC,$197.35,5537088420,15.68%,2.15%,1940.0,843.0,1097.0
1074,ANAB,ANAB,$54.91,2367850051,14.71%,2.31%,1941.0,874.0,1067.0
1075,DTM,DTM,$146.19,14913426660,10.52%,3.36%,1944.0,1049.0,895.0
1076,MCHP,MCHP,$81.35,44173700800,20.87%,0.99%,1946.0,698.0,1248.0
1077,ITG,ITG,$13.78,1706138744,21.95%,0.79%,1947.0,680.0,1267.0
1078,CVX,CVX,$194.42,387206872000,7.22%,3.9%,1953.0,1153.0,800.0
1079,LAMR,LAMR,$157.73,16005668785,11.17%,3.16%,1955.0,1020.0,935.0
1080,LUCK,LUCK,$6.87,939284331,7.0%,3.9%,1957.0,1159.0,798.0
1081,HLIO,HLIO,$79.78,2636438441,13.8%,2.47%,1958.0,902.0,1056.0
1082,VSCO,VSCO,$88.0,6989855912,10.84%,3.19%,1965.0,1036.0,929.0
1083,AADX,AADX,$19.1,3270207512,17.97%,1.45%,1969.0,770.0,1199.0
1083,RYN,RYN,$21.31,3297468911,13.74%,2.36%,1969.0,906.0,1063.0
1085,HR,HR,$21.14,7414897343,20.43%,0.82%,1970.0,709.0,1261.0
1086,RGLD,RGLD,$199.64,16942768423,7.49%,3.76%,1971.0,1144.0,827.0
1086,AKAM,AKAM,$117.37,17063890384,12.43%,2.76%,1971.0,966.0,1005.0
1086,BRSP,BRSP,$5.21,678748719,4.85%,4.22%,1971.0,1224.0,747.0
1089,BHE,BHE,$83.85,3008286450,9.24%,3.4%,1976.0,1089.0,887.0
1090,WY,WY,$23.64,17045447277,14.85%,2.1%,1979.0,869.0,1110.0
1091,DKL,DKL,$57.76,3070995463,9.55%,3.36%,1980.0,1080.0,900.0
1092,PFGC,PFGC,$110.31,17328597900,10.19%,3.23%,1985.0,1064.0,921.0
1093,WBD,WBD,$25.95,65060197417,17.71%,1.41%,1987.0,782.0,1205.0
1094,HP,HP,$35.07,3504578417,4.57%,4.16%,1989.0,1233.0,756.0
1095,ENSG,ENSG,$167.52,9790773408,10.19%,3.18%,1994.0,1063.0,931.0
1095,SAIA,SAIA,$426.55,11376600360,11.13%,2.99%,1994.0,1025.0,969.0
1097,XERS,XERS,$8.41,1451919220,15.78%,1.81%,1998.0,841.0,1157.0
1098,CVLT,CVLT,$141.14,5846257185,15.69%,1.8%,2000.0,842.0,1158.0
1099,SLG,SLG,$53.61,3812983534,17.36%,1.35%,2004.0,793.0,1211.0
1100,ANDE,ANDE,$78.25,2664733325,7.39%,3.56%,2005.0,1146.0,859.0
1100,GNRC,GNRC,$210.5,12391857351,13.69%,2.16%,2005.0,909.0,1096.0
1102,SBGI,SBGI,$13.37,934393281,8.74%,3.36%,2009.0,1110.0,899.0
1103,DASH,DASH,$169.77,73971961492,18.08%,1.01%,2014.0,767.0,1247.0
1104,IRM,IRM,$124.55,37056699019,12.41%,2.51%,2016.0,969.0,1047.0
1105,DCO,DCO,$175.51,2647666285,12.42%,2.5%,2018.0,968.0,1050.0
1105,VCYT,VCYT,$57.88,4618395688,15.22%,1.75%,2018.0,855.0,1163.0
1107,KRYS,KRYS,$327.5,9654620090,14.94%,1.83%,2019.0,868.0,1151.0
1107,WOOF,WOOF,$2.54,725335738,6.58%,3.62%,2019.0,1170.0,849.0
1107,DAR,DAR,$63.4,10075971800,11.19%,2.8%,2019.0,1019.0,1000.0
1110,ARXS,ARXS,$42.65,1727325000,7.51%,3.45%,2020.0,1143.0,877.0
1111,CENX,CENX,$46.36,4588434640,9.38%,3.16%,2021.0,1087.0,934.0
1112,KRMN,KRMN,$49.72,6589207586,17.8%,1.02%,2022.0,777.0,1245.0
1113,ANDG,ANDG,$43.37,4878506717,17.32%,1.14%,2025.0,795.0,1230.0
1113,UNIT,UNIT,$11.02,2675828485,5.66%,3.77%,2025.0,1201.0,824.0
1115,PSX,PSX,$206.98,82985530440,8.18%,3.36%,2028.0,1130.0,898.0
1115,AAL,AAL,$13.56,8965073675,5.36%,3.82%,2028.0,1209.0,819.0
1117,KR,KR,$55.76,34161210939,6.91%,3.48%,2031.0,1160.0,871.0
1118,VSXY,VSXY,$82.79,6581117843,9.9%,3.04%,2033.0,1073.0,960.0
1119,FPS,FPS,$38.96,9511361487,18.55%,0.72%,2035.0,757.0,1278.0
1120,CVI,CVI,$33.94,3412008530,6.4%,3.53%,2037.0,1174.0,863.0
1121,PLTR,PLTR,$123.37,283266155900,19.02%,0.51%,2039.0,744.0,1295.0
1122,EYE,EYE,$19.99,1601532133,11.08%,2.71%,2040.0,1029.0,1011.0
1123,BIO,BIO,$316.38,8553425999,8.73%,3.17%,2044.0,1111.0,933.0
1124,FUN,FUN,$17.21,1758929842,3.78%,3.93%,2045.0,1252.0,793.0
1125,DAN,DAN,$27.63,3447558642,7.78%,3.28%,2046.0,1136.0,910.0
1126,RDDT,RDDT,$168.72,32480125904,15.25%,1.47%,2049.0,852.0,1197.0
1127,SJM,SJM,$115.71,12367164640,13.77%,1.86%,2050.0,903.0,1147.0
1128,ALNY,ALNY,$268.74,35880168868,15.23%,1.46%,2052.0,854.0,1198.0
1129,HLX,HLX,$9.7,1428771200,3.0%,4.04%,2055.0,1277.0,778.0
1130,BRKR,BRKR,$62.15,9460822532,12.8%,2.11%,2056.0,949.0,1107.0
1130,SUN,SUN,$74.59,10192513156,5.1%,3.66%,2056.0,1216.0,840.0
1132,MAMA,MAMA,$17.48,715660916,16.09%,1.18%,2058.0,831.0,1227.0
1133,GATX,GATX,$183.38,6510495762,4.64%,3.73%,2061.0,1231.0,830.0
1133,AMD,AMD,$539.69,880018514000,18.65%,0.42%,2061.0,754.0,1307.0
1135,SCL,SCL,$57.6,1308286080,4.71%,3.72%,2063.0,1229.0,834.0
1136,CERT,CERT,$7.11,1106064363,11.97%,2.26%,2065.0,985.0,1080.0
1137,EQPT,EQPT,$19.4,4896077018,6.11%,3.38%,2070.0,1178.0,892.0
1137,BG,BG,$122.3,23728401400,5.73%,3.47%,2070.0,1197.0,873.0
1139,PPLI,PPLI,$42.17,3136920580,8.66%,3.05%,2072.0,1115.0,957.0
1140,TTMI,TTMI,$144.85,15042672500,13.74%,1.67%,2075.0,905.0,1170.0
1141,PEN,PEN,$317.9,12503460008,14.01%,1.51%,2086.0,895.0,1191.0
1142,BWXT,BWXT,$176.67,16185551382,13.07%,1.83%,2087.0,937.0,1150.0
1142,SEI,SEI,$60.38,3700268748,8.08%,3.06%,2087.0,1132.0,955.0
1144,CALY,CALY,$17.91,3219458043,6.74%,3.21%,2092.0,1168.0,924.0
1145,LTH,LTH,$41.93,9333732804,8.16%,3.04%,2093.0,1131.0,962.0
1146,FIGS,FIGS,$9.24,1543516562,8.52%,2.93%,2100.0,1119.0,981.0
1147,ACI,ACI,$11.44,5603065159,4.8%,3.46%,2101.0,1226.0,875.0
1147,CTOS,CTOS,$10.88,2474469092,8.71%,2.9%,2101.0,1112.0,989.0
1149,LIND,LIND,$27.04,1486407647,10.62%,2.4%,2103.0,1043.0,1060.0
1150,LGN,LGN,$74.87,9061612682,15.19%,0.95%,2108.0,857.0,1251.0
1150,FND,FND,$53.04,5733305760,7.24%,3.06%,2108.0,1152.0,956.0
1152,MU,MU,$990.21,1118333271900,15.25%,0.88%,2109.0,851.0,1258.0
1153,PINS,PINS,$21.9,14556604851,9.67%,2.59%,2110.0,1078.0,1032.0
1154,GYRE,GYRE,$6.01,549258858,10.56%,2.31%,2114.0,1046.0,1068.0
1155,AMKR,AMKR,$65.33,16193511601,7.62%,2.96%,2115.0,1140.0,975.0
1156,BWNB,BWNB,$25.17,1259398997,13.4%,1.49%,2116.0,923.0,1193.0
1157,BW,BW,$11.01,1259399009,13.4%,1.49%,2117.0,923.0,1194.0
1158,ATEN,ATEN,$34.66,2495456746,11.74%,2.01%,2121.0,995.0,1126.0
1158,AAON,AAON,$107.68,8820251856,12.83%,1.65%,2121.0,947.0,1174.0
1160,FRPT,FRPT,$56.66,2784430538,6.08%,3.1%,2125.0,1179.0,946.0
1160,SHAK,SHAK,$55.99,2259235693,6.5%,3.06%,2125.0,1171.0,954.0
1162,WOR,WOR,$55.19,2734476026,8.6%,2.73%,2126.0,1116.0,1010.0
1163,PACS,PACS,$44.82,7093767623,7.31%,2.95%,2129.0,1151.0,978.0
1164,CAKE,CAKE,$84.46,4196428884,9.4%,2.52%,2132.0,1086.0,1046.0
1165,ADM,ADM,$86.35,41616942393,7.37%,2.91%,2134.0,1147.0,987.0
1166,DJCO,DJCO,$576.76,794614941,2.22%,3.72%,2135.0,1302.0,833.0
1167,OKTA,OKTA,$136.1,22608932000,14.97%,0.75%,2139.0,866.0,1273.0
1168,PENG,PENG,$58.41,2993086107,10.0%,2.27%,2144.0,1066.0,1078.0
1169,TPR,TPR,$139.13,28110520850,13.09%,1.34%,2148.0,936.0,1212.0
1169,NTNX,NTNX,$52.63,14226941600,13.27%,1.26%,2148.0,928.0,1220.0
1171,HIMS,HIMS,$32.74,7303639200,13.0%,1.35%,2151.0,941.0,1210.0
1172,COHR,COHR,$313.22,49668898460,13.69%,1.04%,2153.0,910.0,1243.0
1172,GLW,GLW,$156.12,134362804560,12.27%,1.63%,2153.0,976.0,1177.0
1174,PKE,PKE,$34.3,746066160,10.82%,2.05%,2155.0,1037.0,1118.0
1175,TECH,TECH,$71.77,11236957130,13.61%,0.89%,2169.0,914.0,1255.0
1176,VNOM,VNOM,$45.14,16251568584,4.63%,3.14%,2170.0,1232.0,938.0
1176,PK,PK,$14.59,2937869173,3.78%,3.25%,2170.0,1253.0,917.0
1178,SUI,SUI,$120.0,14787690840,5.32%,3.02%,2177.0,1211.0,966.0
1179,GFS,GFS,$56.91,31226564406,6.85%,2.67%,2182.0,1163.0,1019.0
1180,TRNS,TRNS,$87.31,815536342,11.99%,1.41%,2187.0,984.0,1203.0
1181,REXR,REXR,$35.98,8324493307,3.1%,3.26%,2190.0,1276.0,914.0
1181,MTRN,MTRN,$248.61,5171457186,10.22%,2.01%,2190.0,1062.0,1128.0
1183,ICUI,ICUI,$153.46,3835515554,9.03%,2.17%,2191.0,1099.0,1092.0
1184,ON,ON,$90.13,35077334180,9.43%,2.08%,2198.0,1085.0,1113.0
1185,LB,LB,$76.72,5908744930,10.47%,1.84%,2199.0,1050.0,1149.0
1186,ALK,ALK,$44.75,4986447750,3.55%,3.11%,2205.0,1260.0,945.0
1187,CORT,CORT,$96.66,10376644320,13.75%,0.45%,2208.0,904.0,1304.0
1188,CIEN,CIEN,$407.53,57687062303,13.54%,0.54%,2209.0,916.0,1293.0
1189,PCRX,PCRX,$25.93,1019956550,5.46%,2.69%,2221.0,1205.0,1016.0
1190,ROG,ROG,$133.04,2374564440,6.81%,2.35%,2228.0,1164.0,1064.0
1191,LINC,LINC,$41.22,1307528408,8.87%,2.02%,2229.0,1104.0,1125.0
1192,BL,BL,$27.44,1609655562,9.13%,1.88%,2235.0,1094.0,1141.0
1193,VIAV,VIAV,$41.8,10311460045,12.63%,0.67%,2238.0,956.0,1282.0
1194,ARCB,ARCB,$156.99,3495190822,6.78%,2.24%,2247.0,1165.0,1082.0
1195,ALAB,ALAB,$326.97,56045253815,13.13%,0.32%,2250.0,933.0,1317.0
1196,AORT,AORT,$25.0,1213582500,8.87%,1.86%,2253.0,1105.0,1148.0
1197,SHOO,SHOO,$42.09,3076166001,8.33%,2.0%,2258.0,1127.0,1131.0
1198,AAP,AAP,$53.42,3221226000,2.46%,3.03%,2261.0,1297.0,964.0
1199,HXL,HXL,$109.89,8288695008,8.39%,1.86%,2267.0,1122.0,1145.0
1200,RELY,RELY,$22.87,4815531900,8.24%,1.94%,2268.0,1129.0,1139.0
1201,OXM,OXM,$38.17,569913674,4.05%,2.64%,2269.0,1247.0,1022.0
1202,ONTO,ONTO,$291.27,14488808760,11.15%,0.96%,2273.0,1023.0,1250.0
1203,SNDR,SNDR,$37.75,6611904761,4.92%,2.44%,2278.0,1220.0,1058.0
1203,LMRI,LMRI,$10.75,1032867901,9.93%,1.38%,2278.0,1071.0,1207.0
1205,CURB,CURB,$31.26,3564816876,11.23%,0.81%,2280.0,1017.0,1263.0
1205,AVB,AVB,$190.8,27105811200,4.51%,2.52%,2280.0,1236.0,1044.0
1207,RHI,RHI,$37.9,3876942600,7.31%,1.99%,2282.0,1150.0,1132.0
1208,ACMR,ACMR,$88.42,5669285177,5.41%,2.28%,2283.0,1208.0,1075.0
1209,MTSI,MTSI,$282.82,21577970803,11.68%,0.61%,2284.0,996.0,1288.0
1210,AVPT,AVPT,$11.82,2507103343,8.82%,1.62%,2285.0,1107.0,1178.0
1211,FET,FET,$57.55,650562465,5.1%,2.29%,2289.0,1215.0,1074.0
1212,PRVA,PRVA,$24.97,3146528979,9.73%,1.28%,2294.0,1076.0,1218.0
1213,PENN,PENN,$20.27,2711000022,2.93%,2.62%,2306.0,1281.0,1025.0
1214,BROS,BROS,$63.99,11056671613,8.97%,1.36%,2311.0,1102.0,1209.0
1215,CBRL,CBRL,$51.82,1158252657,3.77%,2.39%,2315.0,1254.0,1061.0
1216,IART,IART,$18.56,1443910520,5.3%,2.13%,2316.0,1213.0,1103.0
1217,LGIH,LGIH,$58.33,1355138834,2.15%,2.7%,2319.0,1304.0,1015.0
1218,ELAN,ELAN,$24.78,12373863419,7.71%,1.59%,2321.0,1139.0,1182.0
1219,FLYW,FLYW,$16.12,1959906030,8.98%,1.24%,2322.0,1101.0,1221.0
1220,ARKO,ARKO,$7.98,895242054,4.08%,2.26%,2326.0,1245.0,1081.0
1221,CPNG,CPNG,$15.63,28056853493,6.42%,1.79%,2333.0,1173.0,1160.0
1222,KNTK,KNTK,$51.71,3805974933,4.34%,2.15%,2338.0,1240.0,1098.0
1223,PLD,PLD,$145.1,135282243800,4.66%,2.09%,2342.0,1230.0,1112.0
1224,EQIX,EQIX,$1033.55,101933041910,7.05%,1.52%,2345.0,1156.0,1189.0
1225,VSTS,VSTS,$15.59,2059518228,5.42%,1.87%,2350.0,1207.0,1143.0
1226,PRLB,PRLB,$78.62,1870684280,6.86%,1.5%,2354.0,1162.0,1192.0
1226,CODI,CODI,$9.91,745588423,6.04%,1.67%,2354.0,1183.0,1171.0
1228,BULL,BULL,$7.84,4169458428,5.8%,1.71%,2361.0,1194.0,1167.0
1229,FORM,FORM,$112.75,8789400543,9.05%,0.75%,2368.0,1097.0,1271.0
1230,PDM,PDM,$9.57,1196431830,2.28%,2.29%,2374.0,1301.0,1073.0
1231,KNX,KNX,$72.33,11753191020,5.14%,1.75%,2376.0,1214.0,1162.0
1231,UHAL,UHAL,$71.89,14054078254,2.68%,2.19%,2376.0,1287.0,1089.0
1233,OLN,OLN,$23.64,2694534480,3.99%,2.0%,2379.0,1249.0,1130.0
1234,WERN,WERN,$43.91,2632409550,3.28%,2.1%,2383.0,1272.0,1111.0
1235,ARWR,ARWR,$86.78,12223570460,8.32%,0.84%,2388.0,1128.0,1260.0
1236,GFL,GFL,$38.93,13592733592,5.33%,1.61%,2390.0,1210.0,1180.0
1237,CWST,CWST,$90.03,5637831651,6.07%,1.32%,2395.0,1180.0,1215.0
1238,MCS,MCS,$23.78,735505151,2.93%,2.07%,2396.0,1282.0,1114.0
1239,CAVA,CAVA,$63.21,7362312311,7.11%,1.07%,2397.0,1155.0,1242.0
1240,FWRG,FWRG,$11.96,737272825,3.47%,1.96%,2399.0,1262.0,1137.0
1241,LBRT,LBRT,$19.62,3201815582,3.1%,2.01%,2404.0,1275.0,1129.0
1242,CHRD,CHRD,$138.89,7819395888,1.73%,2.17%,2406.0,1313.0,1093.0
1242,SCTH,SCTH,$22.55,686338791,9.98%,0.03%,2406.0,1067.0,1339.0
1244,ONT,ONT,$18.6,672189622,6.0%,1.24%,2408.0,1185.0,1223.0
1245,HY,HY,$33.15,587957748,2.6%,2.06%,2409.0,1292.0,1117.0
1246,MIR,MIR,$16.88,4129788520,6.7%,1.04%,2413.0,1169.0,1244.0
1246,TXO,TXO,$13.24,731410793,0.93%,2.2%,2413.0,1325.0,1088.0
1248,FIVN,FIVN,$21.74,1664883919,3.69%,1.8%,2414.0,1255.0,1159.0
1249,VYX,VYX,$7.6,1047334530,6.19%,1.08%,2417.0,1176.0,1241.0
1250,AMSC,AMSC,$33.0,1599255900,5.88%,1.16%,2418.0,1189.0,1229.0
1251,LEU,LEU,$170.78,3236894783,2.55%,2.01%,2422.0,1295.0,1127.0
1252,BZH,BZH,$32.79,896276122,1.66%,2.11%,2423.0,1315.0,1108.0
1253,RPD,RPD,$9.56,638900536,6.06%,0.97%,2430.0,1181.0,1249.0
1254,HLIT,HLIT,$11.6,1258558658,5.07%,1.33%,2432.0,1218.0,1214.0
1255,PATH,PATH,$10.2,5425498034,4.21%,1.51%,2434.0,1244.0,1190.0
1256,MATW,MATW,$27.04,843712896,4.56%,1.29%,2451.0,1234.0,1217.0
1257,LUV,LUV,$44.71,21853085540,2.67%,1.74%,2453.0,1288.0,1165.0
1257,LGND,LGND,$302.15,6055406581,5.86%,0.82%,2453.0,1191.0,1262.0
1259,GM,GM,$80.67,72962105812,2.89%,1.66%,2456.0,1284.0,1172.0
1260,MGM,MGM,$44.99,11510736490,3.33%,1.53%,2457.0,1269.0,1188.0
1260,CAI,CAI,$15.65,4423952877,4.83%,1.13%,2457.0,1225.0,1232.0
1262,QNST,QNST,$14.98,860531643,5.69%,0.8%,2464.0,1199.0,1265.0
1263,TWLO,TWLO,$185.06,28087270532,6.01%,0.65%,2469.0,1184.0,1285.0
1264,WTTR,WTTR,$20.84,2171579246,3.34%,1.41%,2470.0,1268.0,1202.0
1265,VECO,VECO,$54.58,3331207611,4.46%,1.11%,2471.0,1238.0,1233.0
1266,F,F,$14.14,55361266800,3.4%,1.37%,2472.0,1264.0,1208.0
1267,RDNT,RDNT,$60.98,4795113516,2.64%,1.54%,2475.0,1289.0,1186.0
1268,ALGM,ALGM,$50.07,9328491630,6.28%,0.45%,2478.0,1175.0,1303.0
1269,BH,BH,$383.32,1203249146,2.9%,1.48%,2479.0,1283.0,1196.0
1270,P,P,$75.23,25006828150,5.96%,0.48%,2485.0,1186.0,1299.0
1271,PTRN,PTRN,$23.49,3644792259,4.86%,0.75%,2495.0,1223.0,1272.0
1271,MMED,MMED,$16.33,4586163414,3.61%,1.11%,2495.0,1259.0,1236.0
1273,CALX,CALX,$35.77,2281492835,3.61%,1.09%,2496.0,1258.0,1238.0
1274,ARLO,ARLO,$12.53,1360881007,5.49%,0.51%,2500.0,1204.0,1296.0
1275,RGEN,RGEN,$137.6,7761699520,4.56%,0.78%,2504.0,1235.0,1269.0
1276,SCHL,SCHL,$46.44,1166801053,2.6%,1.32%,2507.0,1291.0,1216.0
1276,LFST,LFST,$10.81,4192485540,5.08%,0.58%,2507.0,1217.0,1290.0
1278,UCTT,UCTT,$100.56,4507939077,3.83%,0.87%,2510.0,1251.0,1259.0
1279,LINE,LINE,$40.95,9323265247,1.98%,1.41%,2512.0,1308.0,1204.0
1280,TSLA,TSLA,$319.69,1200666126800,5.61%,0.37%,2515.0,1202.0,1313.0
1281,VICR,VICR,$231.38,10489285591,5.5%,0.36%,2517.0,1203.0,1314.0
1282,CLMT,CLMT,$42.82,3731640835,3.4%,0.89%,2518.0,1265.0,1253.0
1283,CMP,CMP,$29.84,1252035672,2.35%,1.24%,2521.0,1299.0,1222.0
1284,APC,APC,$20.76,12452712585,4.06%,0.63%,2533.0,1246.0,1287.0
1285,POWI,POWI,$70.87,3948875266,4.01%,0.58%,2539.0,1248.0,1291.0
1286,CVLG,CVLG,$48.23,1213302770,2.61%,0.9%,2542.0,1290.0,1252.0
1287,PUMP,PUMP,$12.3,1508188805,1.92%,1.11%,2544.0,1310.0,1234.0
1288,MEI,MEI,$16.03,568612954,1.53%,1.13%,2547.0,1316.0,1231.0
1289,HCC,HCC,$81.05,4279599182,1.91%,1.09%,2550.0,1311.0,1239.0
1289,CURLF,CURLF,$9.23,2438881786,2.93%,0.77%,2550.0,1280.0,1270.0
1291,OMCL,OMCL,$39.86,1812788954,3.35%,0.64%,2552.0,1266.0,1286.0
1292,LIF,LIF,$49.55,4015120289,3.67%,0.49%,2553.0,1256.0,1297.0
1292,VPG,VPG,$110.54,1470408386,3.32%,0.67%,2553.0,1270.0,1283.0
1294,DIOD,DIOD,$92.74,4260914631,2.32%,0.89%,2554.0,1300.0,1254.0
1295,LIFX,LIFX,$17.13,4164260175,3.67%,0.47%,2557.0,1256.0,1301.0
1296,GWRE,GWRE,$131.38,10938225832,3.87%,0.39%,2561.0,1250.0,1311.0
1297,VSH,VSH,$40.8,5764254845,1.92%,0.89%,2565.0,1309.0,1256.0
1298,NCNO,NCNO,$16.22,1776948849,4.27%,0.19%,2566.0,1242.0,1324.0
1299,TRS,TRS,$40.22,1440990094,2.52%,0.73%,2570.0,1296.0,1274.0
1300,DLR,DLR,$179.34,64143820440,2.16%,0.78%,2571.0,1303.0,1268.0
1301,ALHC,ALHC,$20.0,4134676460,3.46%,0.38%,2575.0,1263.0,1312.0
1302,VCEL,VCEL,$45.04,2300367069,2.97%,0.49%,2577.0,1279.0,1298.0
1303,LSCC,LSCC,$138.13,18924895287,4.21%,0.08%,2579.0,1243.0,1336.0
1304,PD,PD,$8.63,787161450,1.67%,0.8%,2580.0,1314.0,1266.0
1305,RYAM,RYAM,$8.44,569180940,0.92%,0.88%,2583.0,1326.0,1257.0
1306,MRTN,MRTN,$16.88,1377224599,1.27%,0.81%,2584.0,1320.0,1264.0
1306,FRSH,FRSH,$9.77,2700761880,2.1%,0.71%,2584.0,1305.0,1279.0
1308,WELL,WELL,$247.05,174396053700,3.48%,0.19%,2587.0,1261.0,1326.0
1309,VISN,VISN,$11.94,2693301394,1.53%,0.72%,2592.0,1317.0,1275.0
1310,TALK,TALK,$5.21,872740469,2.88%,0.4%,2593.0,1285.0,1308.0
1311,PDFS,PDFS,$52.35,2191774095,3.28%,0.26%,2595.0,1273.0,1322.0
1312,BATRK,BATRK,$50.0,3154315200,2.55%,0.43%,2599.0,1293.0,1306.0
1313,BATRA,BATRA,$54.52,3439465294,2.55%,0.4%,2603.0,1293.0,1310.0
1314,MSGS,MSGS,$394.3,9492909716,3.11%,0.14%,2604.0,1274.0,1330.0
1314,GNK,GNK,$25.75,1122109063,0.9%,0.72%,2604.0,1327.0,1277.0
1314,VSAT,VSAT,$74.27,10142976139,1.13%,0.71%,2604.0,1324.0,1280.0
1317,BLLN,BLLN,$128.94,5930657965,2.76%,0.29%,2607.0,1286.0,1321.0
1318,AVEX,AVEX,$15.13,854396138,1.47%,0.54%,2610.0,1318.0,1292.0
1319,TENB,TENB,$31.62,3486800640,3.31%,0.03%,2612.0,1271.0,1341.0
1320,DOW,DOW,$30.9,22320327970,0.8%,0.68%,2613.0,1332.0,1281.0
1320,LFUS,LFUS,$415.17,10499194274,2.45%,0.34%,2613.0,1298.0,1315.0
1322,ALB,ALB,$116.91,13787740048,0.86%,0.61%,2619.0,1330.0,1289.0
1323,KTOS,KTOS,$49.44,9270988009,2.04%,0.31%,2624.0,1306.0,1318.0
1324,BALY,BALY,$14.18,694093927,1.15%,0.45%,2625.0,1323.0,1302.0
1325,AMC,AMC,$2.28,1395985559,1.17%,0.44%,2627.0,1322.0,1305.0
1326,NEOG,NEOG,$9.61,2091837924,1.24%,0.33%,2637.0,1321.0,1316.0
1327,BE,BE,$217.3,61809652516,2.01%,0.12%,2640.0,1307.0,1333.0
1328,IPGP,IPGP,$96.46,4094109656,0.72%,0.4%,2642.0,1333.0,1309.0
1329,ZETA,ZETA,$19.38,4845337948,1.85%,0.11%,2646.0,1312.0,1334.0
1330,TIC,TIC,$6.97,1540666950,0.84%,0.3%,2651.0,1331.0,1320.0
1330,W,W,$82.68,10913020097,1.36%,0.13%,2651.0,1319.0,1332.0
1332,IBTA,IBTA,$26.29,702176744,0.71%,0.31%,2653.0,1334.0,1319.0
1333,GSAT,GSAT,$79.19,10198795446,0.88%,0.14%,2657.0,1328.0,1329.0
1334,HUBS,HUBS,$190.0,9731363000,0.86%,0.14%,2660.0,1329.0,1331.0
1334,CRSR,CRSR,$10.08,1077370560,0.64%,0.19%,2660.0,1335.0,1325.0
1336,WHK,WHK,$26.54,610329207,0.37%,0.22%,2661.0,1338.0,1323.0
1337,BKD,BKD,$14.5,3462455000,0.3%,0.17%,2667.0,1340.0,1327.0
1338,MTUS,MTUS,$20.64,859197916,0.13%,0.15%,2669.0,1341.0,1328.0
1339,EVC,EVC,$10.53,969172608,0.43%,0.05%,2675.0,1337.0,1338.0
1340,APPN,APPN,$21.96,1624667229,0.48%,0.03%,2676.0,1336.0,1340.0
1341,HTZ,HTZ,$1.9,601470904,0.11%,0.08%,2679.0,1342.0,1337.0
1342,ETON,ETON,$44.14,1209098682,0.32%,0.01%,2682.0,1339.0,1343.0
1343,BTU,BTU,$23.82,2902086595,0.02%,0.02%,2685.0,1343.0,1342.0
